,year,round,pick,player,NFL-url,pos,draft age,team,entry year,last year,1st team pro select,pro select,weighted career AV,years as primary starter,games,games started,rushing attempts,rushing yards,rushing TD,receiving attemps,receiving yards,receiving td,college,link,cfb school,cfb conference,cfb class,cfb pos,cfb games,cfb receptions,cfb yards,cfb average,cfb td,cfb attemps rushing,cfb yards rushing,cfb avg rushing,cfb td rushing,cfb scrimmages,cfb yards total,cfb avg total,cfb td total,nfl age,nfl team,nfl pos,nfl no,nfl game,nfl game started,nfl target,nfl receptions,nfl yards,nfl y/r,nfl td,nfl first downs,nfl longest rec,nfl rec per game,nfl yards per game,nfl catch ratio,nfl yards per target,nfl rushes,nfl rush yards,nfl rush td,nfl first downs rush,nfl longest rush,nfl rush yards per attempt,nfl rush yards per game,nfl rush attempt per games,nfl total touches,nfl yards per touch,nfl yards from scrimmage,nfl total td,nfl fumbles,nfl AV
0,2019,1,25,Marquise Brown,https://www.pro-football-reference.com/players/B/BrowMa04.htm,WR,22,BAL,2019,2019,0,0,1,8,14,11,,,,46,584,7,Oklahoma,https://www.sports-reference.com/cfb/players/marquise-brown-1.html,Oklahoma,Big 12,JR,WR,25.0,132,2413,18.3,17,3,0,0.0,0,135,2413,17.9,17,22,BAL,WR,15,14,11,71,46,584,12.7,7,24,83,3.3,41.7,64.8%,8.2,,,,,,,,,46,12.7,584,7,0,8
1,2019,1,32,N'Keal Harry,https://www.pro-football-reference.com/players/H/HarrNK00.htm,WR,21,NWE,2019,2019,0,0,0,1,7,5,5,49,0,12,105,2,Arizona St.,https://www.sports-reference.com/cfb/players/nkeal-harry-1.html,Arizona State,Pac-12,JR,WR,37.0,213,2889,13.6,22,23,144,6.3,3,236,3033,12.9,25,22,NWE,wr,15,7,5,24,12,105,8.8,2,7,18,1.7,15.0,50.0%,4.4,5,49,0,4,18,9.8,7.0,0.7,17,9.1,154,2,0,1
2,2019,2,36,Deebo Samuel,https://www.pro-football-reference.com/players/S/SamuDe00.htm,WR,23,SFO,2019,2019,0,0,1,9,15,11,14,159,3,57,802,3,South Carolina,https://www.sports-reference.com/cfb/players/deebo-samuel-1.html,South Carolina,SEC,SR,WR,30.0,148,2076,14.0,16,25,154,6.2,7,173,2230,12.9,23,23,SFO,WR,19,15,11,81,57,802,14.1,3,32,42,3.8,53.5,70.4%,9.9,14,159,3,5,31,11.4,10.6,0.9,71,13.5,961,6,2,9
3,2019,2,51,A.J. Brown,https://www.pro-football-reference.com/players/B/BrowAJ00.htm,WR,22,TEN,2019,2019,0,0,1,10,16,11,3,60,1,52,1051,8,Mississippi,https://www.sports-reference.com/cfb/players/aj-brown-3.html,Ole Miss,SEC,JR,WR,34.0,189,2984,15.8,19,0,0,,0,189,2984,15.8,19,22,TEN,WR,11,16,11,84,52,1051,20.2,8,39,91,3.3,65.7,61.9%,12.5,3,60,1,2,49,20.0,3.8,0.2,55,20.2,1111,9,1,10
4,2019,2,56,Mecole Hardman,https://www.pro-football-reference.com/players/H/HardMe00.htm,WR,21,KAN,2019,2019,0,1,0,7,16,5,4,17,0,26,538,6,Georgia,https://www.sports-reference.com/cfb/players/mecole-hardman-1.html,Georgia,SEC,JR,WR,33.0,60,961,16.0,11,13,97,7.5,2,73,1058,14.5,13,21,KAN,wr,17,16,5,41,26,538,20.7,6,18,83,1.6,33.6,63.4%,13.1,4,17,0,1,9,4.3,1.1,0.3,30,18.5,555,6,2,7
5,2019,2,57,JJ Arcega-Whiteside,https://www.pro-football-reference.com/players/A/ArceJJ00.htm,WR,22,PHI,2019,2019,0,0,0,1,16,5,,,,10,169,1,Stanford,https://www.sports-reference.com/cfb/players/jj-arcega-whiteside-1.html,Stanford,Pac-12,SR,WR,33.0,135,2219,16.4,28,0,0,,0,135,2219,16.4,28,23,PHI,wr,19,16,5,22,10,169,16.9,1,7,30,0.6,10.6,45.5%,7.7,,,,,,,,,10,16.9,169,1,0,1
6,2019,2,59,Parris Campbell,https://www.pro-football-reference.com/players/C/CampPa00.htm,WR,22,IND,2019,2019,0,0,0,1,7,3,4,34,0,18,127,1,Ohio St.,https://www.sports-reference.com/cfb/players/parris-campbell-1.html,Ohio State,Big Ten,SR,WR,43.0,143,1768,12.4,15,23,210,9.1,2,166,1978,11.9,17,22,IND,wr,15,7,3,24,18,127,7.1,1,6,27,2.6,18.1,75.0%,5.3,4,34,0,1,22,8.5,4.9,0.6,22,7.3,161,1,3,1
7,2019,2,62,Andy Isabella,https://www.pro-football-reference.com/players/I/IsabAn00.htm,WR,22,ARI,2019,2019,0,0,0,2,15,1,4,15,0,9,189,1,Massachusetts,https://www.sports-reference.com/cfb/players/andy-isabella-1.html,Massachusetts,Ind,SR,WR,44.0,231,3526,15.3,30,40,342,8.6,2,271,3868,14.3,32,23,ARI,wr,89,15,1,13,9,189,21.0,1,4,88,0.6,12.6,69.2%,14.5,4,15,0,0,6,3.8,1.0,0.3,13,15.7,204,1,0,2
8,2019,2,64,D.K. Metcalf,https://www.pro-football-reference.com/players/M/MetcDK00.htm,WR,21,SEA,2019,2019,0,0,1,8,16,15,2,11,0,58,900,7,Mississippi,https://www.sports-reference.com/cfb/players/dk-metcalf-1.html,Ole Miss,SEC,SO,WR,21.0,67,1228,18.3,14,0,0,,0,67,1228,18.3,14,22,SEA,WR,14,16,15,100,58,900,15.5,7,39,54,3.6,56.3,58.0%,9.0,2,11,0,0,7,5.5,0.7,0.1,60,15.2,911,7,3,8
9,2019,3,66,Diontae Johnson,https://www.pro-football-reference.com/players/J/JohnDi01.htm,WR,23,PIT,2019,2019,0,0,1,6,16,12,4,41,0,59,680,5,Toledo,https://www.sports-reference.com/cfb/players/diontae-johnson-1.html,Toledo,MAC,JR,WR,38.0,135,2235,16.6,23,4,26,6.5,0,139,2261,16.3,23,23,PIT,WR,18,16,12,92,59,680,11.5,5,31,45,3.7,42.5,64.1%,7.4,4,41,0,2,17,10.3,2.6,0.3,63,11.4,721,5,5,6
10,2019,3,67,Jalen Hurd,https://www.pro-football-reference.com/players/H/HurdJa00.htm,WR,23,SFO,,,0,0,0,,,,,,,,,,Baylor,https://www.sports-reference.com/cfb/players/jalen-hurd-1.html,Tennessee,,,,45.0,48,209,4.4,3,69,946,13.7,4,117,1155,9.9,7,,,,,,,,,,,,,,,,,,,,,,,,,,,,,,,
11,2019,3,76,Terry McLaurin,https://www.pro-football-reference.com/players/M/McLaTe00.htm,WR,23,WAS,2019,2019,0,0,1,7,14,14,,,,58,919,7,Ohio St.,https://www.sports-reference.com/cfb/players/terry-mclaurin-1.html,Ohio State,Big Ten,SR,WR,44.0,75,1251,16.7,19,0,0,,0,75,1251,16.7,19,24,WAS,WR,17,14,14,93,58,919,15.8,7,43,75,4.1,65.6,62.4%,9.9,,,,,,,,,58,15.8,919,7,0,7
12,2019,3,93,Miles Boykin,https://www.pro-football-reference.com/players/B/BoykMi00.htm,WR,22,BAL,2019,2019,0,0,1,3,16,11,,,,13,198,3,Notre Dame,https://www.sports-reference.com/cfb/players/miles-boykin-1.html,Notre Dame,Ind,SR,WR,26.0,77,1206,15.7,11,0,0,,0,77,1206,15.7,11,23,BAL,WR,80,16,11,22,13,198,15.2,3,10,50,0.8,12.4,59.1%,9.0,,,,,,,,,13,15.2,198,3,0,3
13,2019,4,103,Hakeem Butler,https://www.pro-football-reference.com/players/B/ButlHa00.htm,WR,23,ARI,,,0,0,0,,,,,,,,,,Iowa St.,https://www.sports-reference.com/cfb/players/hakeem-butler-1.html,Iowa State,Big 12,JR,WR,34.0,110,2149,19.5,18,0,0,,0,110,2149,19.5,18,,,,,,,,,,,,,,,,,,,,,,,,,,,,,,,
14,2019,4,120,Gary Jennings,https://www.pro-football-reference.com/players/J/JennGa00.htm,WR,22,SEA,2019,2019,0,0,0,0,1,0,,,,,,,West Virginia,https://www.sports-reference.com/cfb/players/gary-jennings-1.html,West Virginia,Big 12,SR,WR,45.0,168,2294,13.7,17,0,0,,0,168,2294,13.7,17,,,,,,,,,,,,,,,,,,,,,,,,,,,,,,,
15,2019,4,126,Riley Ridley,https://www.pro-football-reference.com/players/R/RidlRi00.htm,WR,23,CHI,2019,2019,0,0,0,1,5,0,,,,6,69,0,Georgia,https://www.sports-reference.com/cfb/players/riley-ridley-1.html,Georgia,SEC,JR,WR,28.0,69,1015,14.7,13,4,46,11.5,0,73,1061,14.5,13,23,CHI,,88,5,,7,6,69,11.5,0,4,32,1.2,13.8,85.7%,9.9,,,,,,,,,6,11.5,69,0,0,1
16,2019,5,149,Hunter Renfrow,https://www.pro-football-reference.com/players/R/RenfHu00.htm,WR,23,OAK,2019,2019,0,0,0,4,13,4,,,,49,605,4,Clemson,https://www.sports-reference.com/cfb/players/hunter-renfrow-1.html,Clemson,ACC,SR,WR,53.0,186,2133,11.5,15,0,0,,0,186,2133,11.5,15,24,OAK,wr,13,13,4,71,49,605,12.3,4,30,65,3.8,46.5,69.0%,8.5,,,,,,,,,49,12.3,605,4,1,4
17,2019,5,171,Darius Slayton,https://www.pro-football-reference.com/players/S/SlayDa01.htm,WR,22,NYG,2019,2019,0,0,1,6,14,9,,,,48,740,8,Auburn,https://www.sports-reference.com/cfb/players/darius-slayton-1.html,Auburn,SEC,JR,WR,29.0,79,1605,20.3,11,0,0,,0,79,1605,20.3,11,22,NYG,WR,86,14,9,84,48,740,15.4,8,32,55,3.4,52.9,57.1%,8.8,,,,,,,,,48,15.4,740,8,0,6
18,2019,6,174,KeeSean Johnson,https://www.pro-football-reference.com/players/J/JohnKe07.htm,WR,22,ARI,2019,2019,0,0,0,2,10,4,1,3,0,21,187,1,Fresno St.,https://www.sports-reference.com/cfb/players/keesean-johnson-1.html,Fresno State,MWC,SR,WR,51.0,275,3463,12.6,24,8,27,3.4,0,283,3490,12.3,24,23,ARI,wr,19,10,4,42,21,187,8.9,1,10,31,2.1,18.7,50.0%,4.5,1,3,0,0,3,3.0,0.3,0.1,22,8.6,190,1,1,2
19,2019,6,184,Travis Fulgham,https://www.pro-football-reference.com/players/F/FulgTr00.htm,WR,23,DET,2019,2019,0,0,0,0,3,0,,,,,,,Old Dominion,https://www.sports-reference.com/cfb/players/travis-fulgham-1.html,Old Dominion,CUSA,SR,WR,39.0,128,2044,16.0,18,0,0,,0,128,2044,16.0,18,,,,,,,,,,,,,,,,,,,,,,,,,,,,,,,
20,2019,6,187,Juwann Winfree,https://www.pro-football-reference.com/players/W/WinfJu00.htm,WR,23,DEN,2019,2019,0,0,0,0,3,0,,,,,,,Colorado,https://www.sports-reference.com/cfb/players/juwann-winfree-1.html,Maryland,,,,21.0,49,649,13.2,4,0,0,,0,49,649,13.2,4,,,,,,,,,,,,,,,,,,,,,,,,,,,,,,,
21,2019,6,203,Marcus Green,https://www.pro-football-reference.com/players/G/GreeMa02.htm,WR,23,ATL,,,0,0,0,,,,,,,,,,La-Monroe,https://www.sports-reference.com/cfb/players/marcus-green-6.html,Louisiana-Monroe,Sun Belt,SR,WR,48.0,202,2698,13.4,23,51,492,9.6,1,253,3190,12.6,24,,,,,,,,,,,,,,,,,,,,,,,,,,,,,,,
22,2019,6,206,Kelvin Harmon,https://www.pro-football-reference.com/players/H/HarmKe00.htm,WR,22,WAS,2019,2019,0,0,1,3,16,8,,,,30,365,0,North Carolina St.,https://www.sports-reference.com/cfb/players/kelvin-harmon-1.html,North Carolina State,ACC,JR,WR,35.0,177,2665,15.1,16,0,0,,0,177,2665,15.1,16,23,WAS,WR,13,16,8,44,30,365,12.2,0,16,30,1.9,22.8,68.2%,8.3,,,,,,,,,30,12.2,365,0,0,3
23,2019,6,208,Scott Miller,https://www.pro-football-reference.com/players/M/MillSc01.htm,WR,22,TAM,2019,2019,0,0,0,2,10,2,2,16,0,13,200,1,Bowling Green,https://www.sports-reference.com/cfb/players/scott-miller-3.html,Bowling Green State,MAC,SR,WR,45.0,215,2867,13.3,23,6,38,6.3,0,221,2905,13.1,23,22,TAM,wr,10,10,2,26,13,200,15.4,1,5,48,1.3,20.0,50.0%,7.7,2,16,0,1,18,8.0,1.6,0.2,15,14.4,216,1,0,2
24,2019,7,236,John Ursua,https://www.pro-football-reference.com/players/U/UrsuJo00.htm,WR,25,SEA,2019,2019,0,0,0,0,3,0,,,,1,11,0,Hawaii,https://www.sports-reference.com/cfb/players/john-ursua-1.html,Hawaii,MWC,JR,WR,33.0,189,2662,14.1,24,6,12,2.0,2,195,2674,13.7,26,25,SEA,,15,3,,1,1,11,11.0,0,1,11,0.3,3.7,100.0%,11.0,,,,,,,,,1,11.0,11,0,0,0
25,2019,7,237,Terry Godwin,https://www.pro-football-reference.com/players/G/GodwTe00.htm,WR,22,CAR,,,0,0,0,,,,,,,,,,Georgia,https://www.sports-reference.com/cfb/players/terry-godwin-1.html,Georgia,SEC,SR,WR,51.0,134,1800,13.4,11,11,51,4.6,1,145,1851,12.8,12,,,,,,,,,,,,,,,,,,,,,,,,,,,,,,,
26,2019,7,239,Dillon Mitchell,https://www.pro-football-reference.com/players/M/MitcDi00.htm,WR,22,MIN,,,0,0,0,,,,,,,,,,Oregon,https://www.sports-reference.com/cfb/players/dillon-mitchell-1.html,Oregon,Pac-12,JR,WR,29.0,119,1710,14.4,14,5,11,2.2,0,124,1721,13.9,14,,,,,,,,,,,,,,,,,,,,,,,,,,,,,,,
27,2019,7,247,Olabisi Johnson,https://www.pro-football-reference.com/players/J/JohnOl00.htm,WR,22,MIN,2019,2019,0,0,0,3,16,6,1,6,0,31,294,3,Colorado St.,https://www.sports-reference.com/cfb/players/olabisi-johnson-1.html,Colorado State,MWC,SR,WR,38.0,125,2019,16.2,11,1,13,13.0,0,126,2032,16.1,11,22,MIN,wr,81,16,6,45,31,294,9.5,3,17,23,1.9,18.4,68.9%,6.5,1,6,0,0,6,6.0,0.4,0.1,32,9.4,300,3,0,3
28,2018,1,24,D.J. Moore,https://www.pro-football-reference.com/players/M/MoorD.00.htm,WR,21,CAR,2018,2019,0,0,2,16,31,25,19,212,0,142,1963,6,Maryland,https://www.sports-reference.com/cfb/players/dj-moore-3.html,Maryland,Big Ten,JR,WR,36.0,146,2027,13.9,17,17,125,7.4,1,163,2152,13.2,18,22,CAR,WR,12,31,25,217,142,1963,13.8,6,96,82,4.6,63.3,65.4%,9.0,19,212,0,9,32,11.2,6.8,0.6,161,13.5,2175,6,6,16
29,2018,1,26,Calvin Ridley,https://www.pro-football-reference.com/players/R/RidlCa00.htm,WR,23,ATL,2018,2019,0,0,1,14,29,15,8,61,0,127,1687,17,Alabama,https://www.sports-reference.com/cfb/players/calvin-ridley-1.html,Alabama,SEC,JR,WR,44.0,224,2781,12.4,19,8,40,5.0,1,232,2821,12.2,20,25,ATL,WR,18,29,15,185,127,1687,13.3,17,86,75,4.4,58.2,68.6%,9.1,8,61,0,3,19,7.6,2.1,0.3,135,12.9,1748,17,2,14
30,2018,2,40,Courtland Sutton,https://www.pro-football-reference.com/players/S/SuttCo00.htm,WR,22,DEN,2018,2019,0,1,2,14,32,23,4,16,0,114,1816,10,SMU,https://www.sports-reference.com/cfb/players/courtland-sutton-1.html,SMU,American,JR,WR,40.0,195,3220,16.5,31,1,2,2.0,1,196,3222,16.4,32,24,DEN,WR,14,32,23,208,114,1816,15.9,10,80,70,3.6,56.8,54.8%,8.7,4,16,0,1,9,4.0,0.5,0.1,118,15.5,1832,10,2,14
31,2018,2,44,Dante Pettis,https://www.pro-football-reference.com/players/P/PettDa00.htm,WR,22,SFO,2018,2019,0,0,0,4,23,11,1,-2,0,38,576,7,Washington,https://www.sports-reference.com/cfb/players/dante-pettis-1.html,Washington,Pac-12,SR,WR,52.0,163,2256,13.8,24,4,42,10.5,0,167,2298,13.8,24,24,SFO,wr,18,23,11,69,38,576,15.2,7,26,75,1.7,25.0,55.1%,8.3,1,-2,0,0,0,-2.0,-0.1,0.0,39,14.7,574,7,2,4
32,2018,2,47,Christian Kirk,https://www.pro-football-reference.com/players/K/KirkCh01.htm,WR,21,ARI,2018,2019,0,0,1,11,25,20,13,128,0,111,1299,6,Texas A&M,https://www.sports-reference.com/cfb/players/christian-kirk-1.html,Texas A&M,SEC,JR,WR,39.0,234,2856,12.2,26,23,120,5.2,0,257,2976,11.6,26,23,ARI,WR,13,25,20,176,111,1299,11.7,6,52,75,4.4,52.0,63.1%,7.4,13,128,0,6,28,9.8,5.1,0.5,124,11.5,1427,6,0,11
33,2018,2,51,Anthony Miller,https://www.pro-football-reference.com/players/M/MillAn02.htm,WR,23,CHI,2018,2019,0,0,0,9,31,11,7,25,0,85,1079,9,Memphis,https://www.sports-reference.com/cfb/players/anthony-miller-6.html,Memphis,American,SR,WR,38.0,238,3590,15.1,37,31,148,4.8,3,269,3738,13.9,40,25,CHI,wr,17,31,11,139,85,1079,12.7,9,55,55,2.7,34.8,61.2%,7.8,7,25,0,0,9,3.6,0.8,0.2,92,12.0,1104,9,2,9
34,2018,2,60,James Washington,https://www.pro-football-reference.com/players/W/WashJa00.htm,WR,22,PIT,2018,2019,0,0,1,8,29,16,,,,60,952,4,Oklahoma St.,https://www.sports-reference.com/cfb/players/james-washington-5.html,Oklahoma State,Big 12,SR,WR,51.0,226,4472,19.8,39,9,70,7.8,1,235,4542,19.3,40,23,PIT,WR,13,29,16,118,60,952,15.9,4,42,79,2.1,32.8,50.8%,8.1,,,,,,,,,60,15.9,952,4,1,8
35,2018,2,61,DJ Chark,https://www.pro-football-reference.com/players/C/CharDJ00.htm,WR,21,JAX,2018,2019,0,1,1,8,26,14,2,20,0,87,1182,8,LSU,https://www.sports-reference.com/cfb/players/dj-chark-1.html,LSU,SEC,SR,WR,25.0,66,1351,20.5,6,25,264,10.6,4,91,1615,17.7,10,23,JAX,WR,17,26,14,150,87,1182,13.6,8,48,69,3.3,45.5,58.0%,7.9,2,20,0,1,20,10.0,0.8,0.1,89,13.5,1202,8,1,8
36,2018,3,81,Michael Gallup,https://www.pro-football-reference.com/players/G/GallMi00.htm,WR,22,DAL,2018,2019,0,0,2,13,30,20,,,,99,1614,8,Colorado St.,https://www.sports-reference.com/cfb/players/michael-gallup-1.html,Colorado State,MWC,SR,WR,26.0,176,2690,15.3,21,4,15,3.8,0,180,2705,15.0,21,23,DAL,WR,13,30,20,181,99,1614,16.3,8,76,62,3.3,53.8,54.7%,8.9,,,,,,,,,99,16.3,1614,8,0,13
37,2018,3,91,Tre'Quan Smith,https://www.pro-football-reference.com/players/S/SmitTr03.htm,WR,22,NOR,2018,2019,0,0,0,7,26,13,,,,46,661,10,Central Florida,https://www.sports-reference.com/cfb/players/trequan-smith-1.html,UCF,American,JR,WR,37.0,168,2748,16.4,22,5,23,4.6,1,173,2771,16.0,23,23,NOR,wr,10,26,13,69,46,661,14.4,10,42,62,1.8,25.4,66.7%,9.6,,,,,,,,,46,14.4,661,10,0,7
38,2018,4,103,Keke Coutee,https://www.pro-football-reference.com/players/C/CoutKe00.htm,WR,21,HOU,2018,2019,0,0,0,5,15,6,5,14,1,50,541,1,Texas Tech,https://www.sports-reference.com/cfb/players/keke-coutee-1.html,Texas Tech,Big 12,JR,WR,30.0,159,2424,15.2,17,8,17,2.1,1,167,2441,14.6,18,22,HOU,wr,16,15,6,77,50,541,10.8,1,29,51,3.3,36.1,64.9%,7.0,5,14,1,2,10,2.8,0.9,0.3,55,10.1,555,2,1,5
39,2018,4,105,Antonio Callaway,https://www.pro-football-reference.com/players/C/CallAn00.htm,WR,21,CLE,2018,2019,0,0,1,5,20,13,2,7,0,51,675,5,Florida,https://www.sports-reference.com/cfb/players/antonio-callaway-1.html,Florida,SEC,SO,WR,26.0,89,1399,15.7,7,8,51,6.4,1,97,1450,14.9,8,22,CLE,wr,11,20,13,94,51,675,13.2,5,30,71,2.6,33.8,54.3%,7.2,2,7,0,1,15,3.5,0.4,0.1,53,12.9,682,5,1,5
40,2018,4,113,DaeSean Hamilton,https://www.pro-football-reference.com/players/H/HamiDa01.htm,WR,23,DEN,2018,2019,0,0,0,4,30,7,,,,58,540,3,Penn St.,https://www.sports-reference.com/cfb/players/daesean-hamilton-1.html,Penn State,Big Ten,SR,WR,51.0,214,2842,13.3,18,10,22,2.2,0,224,2864,12.8,18,24,DEN,wr,17,30,7,97,58,540,9.3,3,35,28,1.9,18.0,59.8%,5.6,,,,,,,,,58,9.3,540,3,0,4
41,2018,4,132,Jaleel Scott,https://www.pro-football-reference.com/players/S/ScotJa02.htm,WR,23,BAL,2019,2019,0,0,0,0,3,0,,,,1,6,0,New Mexico St.,https://www.sports-reference.com/cfb/players/jaleel-scott-1.html,New Mexico State,Sun Belt,SR,WR,23.0,99,1362,13.8,14,0,0,,0,99,1362,13.8,14,24,BAL,,12,3,,3,1,6,6.0,0,0,6,0.3,2.0,33.3%,2.0,,,,,,,,,1,6.0,6,0,0,0
42,2018,4,133,J'Mon Moore,https://www.pro-football-reference.com/players/M/MoorJM00.htm,WR,23,GNB,2018,2018,0,0,0,0,12,0,,,,2,15,0,Missouri,https://www.sports-reference.com/cfb/players/jmon-moore-2.html,Missouri,SEC,SR,WR,37.0,158,2477,15.7,21,0,0,,1,158,2477,15.7,22,23,GNB,,82,12,,,,,,,4,102,0,37,25.5,117,0,,,,,,,,,,,,,
43,2018,5,144,Justin Watson,https://www.pro-football-reference.com/players/W/WatsJu01.htm,WR,23,TAM,2018,2019,0,0,0,1,28,2,,,,16,164,2,Pennsylvania,https://www.sports-reference.com/cfb/players/justin-watson-1.html,San Diego State,WAC,,RB,33.0,176,879,5.0,7,8,49,6.1,0,184,928,5.0,7,24,TAM,wr,17,28,2,29,16,164,10.3,2,10,17,0.6,5.9,55.2%,5.7,,,,,,,,,16,10.3,164,2,0,1
44,2018,5,159,Daurice Fountain,https://www.pro-football-reference.com/players/F/FounDa00.htm,WR,22,IND,2018,2018,0,0,0,0,1,0,,,,,,,Northern Iowa,https://www.sports-reference.com/cfb/players/daurice-fountain-1.html,,,,,,,,,,,,,,,,,,,,,,,,,,,,,,,,,,,,,,,,,,,,,,,,
45,2018,5,162,Jordan Lasley,https://www.pro-football-reference.com/players/L/LaslJo00.htm,WR,21,BAL,,,0,0,0,,,,,,,,,,UCLA,https://www.sports-reference.com/cfb/players/jordan-lasley-1.html,UCLA,Pac-12,JR,WR,23.0,113,1901,16.8,14,4,-6,-1.5,0,117,1895,16.2,14,,,,,,,,,,,,,,,,,,,,,,,,,,,,,,,
46,2018,5,174,Marquez Valdes-Scantling,https://www.pro-football-reference.com/players/V/ValdMa00.htm,WR,23,GNB,2018,2019,0,0,2,8,32,20,4,38,0,64,1033,4,South Florida,https://www.sports-reference.com/cfb/players/marquez-valdes-scantling-1.html,North Carolina State,,,,39.0,75,1294,17.3,11,10,112,11.2,1,85,1406,16.5,12,25,GNB,WR,83,32,20,129,64,1033,16.1,4,37,74,2.0,32.3,49.6%,8.0,4,38,0,2,21,9.5,1.2,0.1,68,15.8,1071,4,0,8
47,2018,6,175,Damion Ratley,https://www.pro-football-reference.com/players/R/RatlDa00.htm,WR,23,CLE,2018,2019,0,0,0,3,26,6,,,,25,344,1,Texas A&M,https://www.sports-reference.com/cfb/players/damion-ratley-1.html,Texas A&M,SEC,SR,WR,21.0,47,920,19.6,8,0,0,,0,47,920,19.6,8,24,CLE,wr,18,26,6,44,25,344,13.8,1,16,46,1.0,13.2,56.8%,7.8,,,,,,,,,25,13.8,344,1,0,3
48,2018,6,185,Deon Cain,https://www.pro-football-reference.com/players/C/CainDe00.htm,WR,22,IND,2019,2019,0,0,0,1,13,6,,,,9,124,0,Clemson,https://www.sports-reference.com/cfb/players/deon-cain-1.html,Clemson,ACC,JR,WR,40.0,130,2040,15.7,20,1,-5,-5.0,0,131,2035,15.5,20,,PIT,wr,11,13,6,20,9,124,13.8,0,7,35,0.7,9.5,45.0%,6.2,,,,,,,,,9,13.8,124,0,0,1
49,2018,6,187,Ray-Ray McCloud,https://www.pro-football-reference.com/players/M/McClRa00.htm,WR,21,BUF,2018,2019,0,0,0,0,16,1,2,4,0,5,36,0,Clemson,https://www.sports-reference.com/cfb/players/ray-ray-mccloud-1.html,Clemson,ACC,JR,WR,39.0,127,1226,9.7,4,18,106,5.9,0,145,1332,9.2,4,23,CAR,,14,16,1,14,102,0,39,7.3,9,192,0,31,21.3,334,0,,,,,,,,,,,,,
50,2018,6,191,Dylan Cantrell,https://www.pro-football-reference.com/players/C/CantDy00.htm,WR,24,LAC,,,0,0,0,,,,,,,,,,Texas Tech,https://www.sports-reference.com/cfb/players/dylan-cantrell-1.html,Texas Tech,Big 12,SR,WR,40.0,158,1873,11.9,18,1,3,3.0,1,159,1876,11.8,19,,,,,,,,,,,,,,,,,,,,,,,,,,,,,,,
51,2018,6,194,Russell Gage,https://www.pro-football-reference.com/players/G/GageRu00.htm,WR,22,ATL,2018,2019,0,0,0,5,31,4,4,12,0,55,509,1,LSU,https://www.sports-reference.com/cfb/players/russell-gage-1.html,LSU,SEC,SR,WR,21.0,28,232,8.3,1,26,347,13.3,4,54,579,10.7,5,23,ATL,wr,83,31,4,84,55,509,9.3,1,27,22,1.8,16.4,65.5%,6.1,4,12,0,0,6,3.0,0.4,0.1,59,8.8,521,1,1,5
52,2018,6,196,Tremon Smith,https://www.pro-football-reference.com/players/S/SmitTr04.htm,WR,22,KAN,2018,2019,0,0,0,1,22,1,,,,,,,Central Arkansas,https://www.sports-reference.com/cfb/players/tremon-smith-1.html,,,,,,,,,,,,,,,,,,,KAN,,39,22,1,4,0,0,3,0.0,46,1189,0,97,25.8,1189,1,,,,,,,,,,,,,
53,2018,6,207,Equanimeous St. Brown,https://www.pro-football-reference.com/players/S/St.BEq00.htm,WR,21,GNB,2018,2018,0,0,0,2,12,7,1,5,0,21,328,0,Notre Dame,https://www.sports-reference.com/cfb/players/equanimeous-st-brown-1.html,Notre Dame,Ind,JR,WR,26.0,92,1484,16.1,13,0,0,,0,92,1484,16.1,13,22,GNB,wr,19,12,7,36,21,328,15.6,0,13,54,1.8,27.3,58.3%,9.1,1,5,0,0,5,5.0,0.4,0.1,22,15.1,333,0,0,2
54,2018,6,208,Cedrick Wilson,https://www.pro-football-reference.com/players/W/WilsCe01.htm,WR,22,DAL,2019,2019,0,0,0,0,6,0,,,,5,46,0,Boise St.,https://www.sports-reference.com/cfb/players/cedric-wilson-3.html,Boise State,MWC,SR,WR,26.0,139,2640,19.0,18,12,20,1.7,0,151,2660,17.6,18,24,DAL,,11,6,,8,5,46,9.2,0,2,14,0.8,7.7,62.5%,5.8,,,,,,,,,5,9.2,46,0,0,0
55,2018,6,210,Braxton Berrios,https://www.pro-football-reference.com/players/B/BerrBr00.htm,WR,22,NWE,2019,2019,0,0,0,1,16,0,,,,6,115,0,Miami (FL),https://www.sports-reference.com/cfb/players/braxton-berrios-1.html,Miami (FL),ACC,SR,WR,46.0,100,1175,11.8,14,4,72,18.0,0,104,1247,12.0,14,24,NYJ,,10,16,,21,240,0,26,11.4,4,48,0,25,12.0,403,1,,,,,,,,,,,,,
56,2018,7,224,Javon Wims,https://www.pro-football-reference.com/players/W/WimsJa00.htm,WR,23,CHI,2018,2019,0,0,0,1,20,6,,,,22,218,1,Georgia,https://www.sports-reference.com/cfb/players/javon-wims-1.html,Georgia,SEC,SR,WR,22.0,62,910,14.7,8,0,0,,0,62,910,14.7,8,25,CHI,wr,83,20,6,44,22,218,9.9,1,11,37,1.1,10.9,50.0%,5.0,,,,,,,,,22,9.9,218,1,0,1
57,2018,7,228,Marcell Ateman,https://www.pro-football-reference.com/players/A/AtemMa00.htm,WR,23,OAK,2018,2019,0,0,0,2,18,6,,,,20,270,1,Oklahoma St.,https://www.sports-reference.com/cfb/players/marcell-ateman-1.html,Oklahoma State,Big 12,SR,WR,43.0,146,2466,16.9,13,1,1,1.0,0,147,2467,16.8,13,25,OAK,,88,18,6,41,20,270,13.5,1,11,36,1.1,15.0,48.8%,6.6,,,,,,,,,20,13.5,270,1,1,2
58,2018,7,240,Richie James,https://www.pro-football-reference.com/players/J/JameRi00.htm,WR,23,SFO,2018,2019,0,0,0,4,29,3,2,-1,0,15,295,2,Middle Tenn. St.,https://www.sports-reference.com/cfb/players/richie-james-1.html,Middle Tennessee State,CUSA,JR,WR,31.0,243,3249,13.4,23,61,554,9.1,5,304,3803,12.5,28,24,SFO,wr,13,29,3,45,339,0,32,7.5,43,1008,1,97,23.4,1634,4,,,,,,,,,,,,,
59,2018,7,253,Auden Tate,https://www.pro-football-reference.com/players/T/TateAu00.htm,WR,21,CIN,2018,2019,0,0,1,4,19,10,,,,44,610,1,Florida St.,https://www.sports-reference.com/cfb/players/auden-tate-1.html,Florida State,ACC,JR,WR,22.0,65,957,14.7,16,0,0,,0,65,957,14.7,16,22,CIN,WR,19,19,10,92,44,610,13.9,1,31,33,2.3,32.1,47.8%,6.6,,,,,,,,,44,13.9,610,1,1,4
60,2018,7,255,Austin Proehl,https://www.pro-football-reference.com/players/P/ProeAu00.htm,WR,22,BUF,,,0,0,0,,,,,,,,,,North Carolina,https://www.sports-reference.com/cfb/players/austin-proehl-1.html,North Carolina,ACC,SR,WR,38.0,91,1265,13.9,5,2,4,2.0,0,93,1269,13.6,5,,,,,,,,,,,,,,,,,,,,,,,,,,,,,,,
61,2018,7,256,Trey Quinn,https://www.pro-football-reference.com/players/Q/QuinTr00.htm,WR,22,WAS,2018,2019,0,0,0,2,15,8,1,0,0,35,273,2,SMU,https://www.sports-reference.com/cfb/players/trey-quinn-1.html,LSU,,,,27.0,114,1236,10.8,13,1,0,0.0,0,115,1236,10.7,13,24,WAS,wr,18,15,8,57,35,273,7.8,2,15,19,2.3,18.2,61.4%,4.8,1,0,0,0,0,0.0,0.0,0.1,36,7.6,273,2,1,2
62,2017,1,5,Corey Davis,https://www.pro-football-reference.com/players/D/DaviCo03.htm,WR,22,TEN,2017,2019,0,0,3,14,42,36,6,55,0,142,1867,6,West. Michigan,https://www.sports-reference.com/cfb/players/corey-davis-3.html,Western Michigan,MAC,SR,WR,50.0,331,5278,15.9,52,3,13,4.3,0,334,5291,15.8,52,24,TEN,WR,84,42,36,246,142,1867,13.1,6,97,51,3.4,44.5,57.7%,7.6,6,55,0,2,39,9.2,1.3,0.1,148,13.0,1922,6,3,15
63,2017,1,7,Mike Williams,https://www.pro-football-reference.com/players/W/WillMi07.htm,WR,22,LAC,2017,2019,0,0,1,15,41,21,8,30,1,103,1760,12,Clemson,https://www.sports-reference.com/cfb/players/mike-williams-17.html,Clemson,ACC,JR,WR,38.0,177,2727,15.4,21,0,0,,0,177,2727,15.4,21,25,LAC,WR,81,41,21,179,103,1760,17.1,12,90,56,2.5,42.9,57.5%,9.8,8,30,1,2,19,3.8,0.7,0.2,111,16.1,1790,13,0,15
64,2017,1,9,John Ross,https://www.pro-football-reference.com/players/R/RossJo00.htm,WR,22,CIN,2017,2019,0,0,2,5,24,19,8,25,0,49,716,10,Washington,https://www.sports-reference.com/cfb/players/john-ross-1.html,Washington,Pac-12,JR,WR,40.0,114,1729,15.2,22,20,195,9.8,2,134,1924,14.4,24,25,CIN,WR,11,24,19,116,49,716,14.6,10,35,66,2.0,29.8,42.2%,6.2,8,25,0,0,12,3.1,1.0,0.3,57,13.0,741,10,2,5
65,2017,2,37,Zay Jones,https://www.pro-football-reference.com/players/J/JoneZa00.htm,WR,22,BUF,2017,2019,0,0,2,10,46,34,2,3,0,110,1184,9,East Carolina,https://www.sports-reference.com/cfb/players/isaiah-jones-2.html,East Carolina,American,SR,WR,49.0,399,4279,10.7,23,5,18,3.6,0,404,4297,10.6,23,,OAK,wr,11,46,34,221,110,1184,10.8,9,62,57,2.4,25.7,49.8%,5.4,2,3,0,0,3,1.5,0.1,0.0,112,10.6,1187,9,1,10
66,2017,2,40,Curtis Samuel,https://www.pro-football-reference.com/players/S/SamuCu00.htm,WR,21,CAR,2017,2019,0,0,2,12,38,27,31,278,3,108,1236,11,Ohio St.,https://www.sports-reference.com/cfb/players/curtis-samuel-1.html,Ohio State,Big Ten,JR,RB,40.0,172,1286,7.5,15,107,1249,11.7,9,279,2535,9.1,24,23,CAR,WR,10,38,27,196,108,1236,11.4,11,66,53,2.8,32.5,55.1%,6.3,31,278,3,13,33,9.0,7.3,0.8,139,10.9,1514,14,1,12
67,2017,2,62,JuJu Smith-Schuster,https://www.pro-football-reference.com/players/S/SmitJu00.htm,WR,20,PIT,2017,2019,0,1,2,24,42,32,1,13,0,211,2895,17,USC,https://www.sports-reference.com/cfb/players/juju-smith-1.html,USC,Pac-12,JR,WR,40.0,213,3092,14.5,25,8,34,4.3,0,221,3126,14.1,25,23,PIT,WR,19,42,32,315,211,2895,13.7,17,127,97,5.0,68.9,67.0%,9.2,1,13,0,1,13,13.0,0.3,0.0,212,13.7,2908,17,2,25
68,2017,3,69,Cooper Kupp,https://www.pro-football-reference.com/players/K/KuppCo00.htm,WR,24,LAR,2017,2019,0,0,2,23,39,28,6,29,0,196,2596,21,East. Washington,https://www.sports-reference.com/cfb/players/cooper-kupp-1.html,,,,,,,,,,,,,,,,,,26,LAR,WR,18,39,28,283,196,2596,13.2,21,118,70,5.0,66.6,69.3%,9.2,6,29,0,3,12,4.8,0.7,0.2,202,13.0,2625,21,4,24
69,2017,3,72,Taywan Taylor,https://www.pro-football-reference.com/players/T/TaylTa00.htm,WR,22,TEN,2017,2019,0,0,0,6,32,10,8,43,0,53,697,2,Western Kentucky,https://www.sports-reference.com/cfb/players/taywan-taylor-1.html,Western Kentucky,CUSA,SR,WR,50.0,253,4234,16.7,41,14,49,3.5,0,267,4283,16.0,41,24,CLE,wr,10,32,10,85,53,697,13.2,2,28,55,1.7,21.8,62.4%,8.2,8,43,0,1,17,5.4,1.3,0.3,61,12.1,740,2,1,6
70,2017,3,79,ArDarius Stewart,https://www.pro-football-reference.com/players/S/StewAr00.htm,WR,23,NYJ,2017,2017,0,0,0,1,15,2,7,27,0,6,82,0,Alabama,https://www.sports-reference.com/cfb/players/ardarius-stewart-1.html,Alabama,SEC,JR,WR,33.0,129,1713,13.3,12,13,82,6.3,0,142,1795,12.6,12,24,NYJ,wr,18,15,2,7,27,0,2,11,3.9,1.8,0.5,13,6,82,13.7,0,2,46,0.4,5.5,46.2%,,13,8.4,109,0,0,1
71,2017,3,82,Carlos Henderson,https://www.pro-football-reference.com/players/H/HendCa01.htm,WR,22,DEN,,,0,0,0,,,,,,,,,,Louisiana Tech,https://www.sports-reference.com/cfb/players/carlos-henderson-1.html,Louisiana Tech,CUSA,JR,WR,36.0,147,2878,19.6,28,32,259,8.1,2,179,3137,17.5,30,,,,,,,,,,,,,,,,,,,,,,,,,,,,,,,
72,2017,3,84,Chris Godwin,https://www.pro-football-reference.com/players/G/GodwCh00.htm,WR,21,TAM,2017,2019,0,1,1,19,46,21,1,8,0,179,2700,17,Penn St.,https://www.sports-reference.com/cfb/players/chris-godwin-1.html,Penn State,Big Ten,JR,WR,39.0,154,2421,15.7,18,3,14,4.7,0,157,2435,15.5,18,23,TAM,WR,12,46,21,271,179,2700,15.1,17,138,71,3.9,58.7,66.1%,10.0,1,8,0,0,8,8.0,0.2,0.0,180,15.0,2708,17,4,20
73,2017,3,96,Kenny Golladay,https://www.pro-football-reference.com/players/G/GollKe00.htm,WR,23,DET,2017,2019,0,1,2,20,42,34,2,17,0,163,2730,19,Northern Illinois,https://www.sports-reference.com/cfb/players/kenny-golladay-1.html,Northern Illinois,MAC,SR,WR,26.0,160,2285,14.3,18,29,206,7.1,3,189,2491,13.2,21,26,DET,WR,19,42,34,283,163,2730,16.7,19,125,75,3.9,65.0,57.6%,9.6,2,17,0,0,9,8.5,0.4,0.0,165,16.6,2747,19,2,21
74,2017,3,98,Chad Williams,https://www.pro-football-reference.com/players/W/WillCh05.htm,WR,22,ARI,2017,2019,0,0,0,1,17,8,3,42,0,20,202,1,Grambling St.,https://www.sports-reference.com/cfb/players/chad-williams-1.html,Southern Mississippi,CUSA,SR,DB,33.0,14,172,12.3,0,2,24,12.0,0,,,,,25,IND,,10,17,8,54,20,202,10.1,1,10,22,1.2,11.9,37.0%,3.7,3,42,0,1,33,14.0,2.5,0.2,23,10.6,244,1,0,1
75,2017,3,106,Amara Darboh,https://www.pro-football-reference.com/players/D/DarbAm00.htm,WR,23,SEA,2017,2017,0,0,0,1,16,0,,,,8,71,0,Michigan,https://www.sports-reference.com/cfb/players/amara-darboh-1.html,Michigan,Big Ten,SR,WR,37.0,151,2062,13.7,14,2,2,1.0,0,153,2064,13.5,14,23,SEA,,84,16,,13,8,71,8.9,0,2,16,0.5,4.4,61.5%,5.5,,,,,,,,,8,8.9,71,0,0,1
76,2017,4,110,Dede Westbrook,https://www.pro-football-reference.com/players/W/WestDe00.htm,WR,23,JAX,2017,2019,0,0,2,13,38,25,14,125,0,159,1716,9,Oklahoma,https://www.sports-reference.com/cfb/players/dede-westbrook-1.html,Oklahoma,Big 12,SR,WR,26.0,126,2267,18.0,21,15,118,7.9,0,141,2385,16.9,21,26,JAX,WR,12,38,25,253,159,1716,10.8,9,86,61,4.2,45.2,62.8%,6.8,14,125,0,5,43,8.9,3.3,0.4,173,10.6,1841,9,5,14
77,2017,4,117,Josh Reynolds,https://www.pro-football-reference.com/players/R/ReynJo00.htm,WR,22,LAR,2017,2019,0,0,1,8,48,11,7,31,0,61,832,7,Texas A&M,https://www.sports-reference.com/cfb/players/josh-reynolds-1.html,Texas A&M,SEC,SR,WR,38.0,164,2788,17.0,30,0,0,,0,164,2788,17.0,30,24,LAR,wr,83,48,11,120,61,832,13.6,7,52,33,1.3,17.3,50.8%,6.9,7,31,0,4,12,4.4,0.6,0.1,68,12.7,863,7,0,8
78,2017,4,118,Mack Hollins,https://www.pro-football-reference.com/players/H/HollMa00.htm,WR,23,PHI,2017,2019,0,0,0,3,32,3,,,,26,351,1,North Carolina,https://www.sports-reference.com/cfb/players/mack-hollins-1.html,North Carolina,ACC,SR,WR,41.0,81,1667,20.6,20,0,0,,0,81,1667,20.6,20,,PHI,wr,16,32,3,45,26,351,13.5,1,15,64,0.8,11.0,57.8%,7.8,,,,,,,,,26,13.5,351,1,0,3
79,2017,4,128,Josh Malone,https://www.pro-football-reference.com/players/M/MaloJo00.htm,WR,21,CIN,2017,2019,0,0,0,1,22,7,2,2,0,7,75,1,Tennessee,https://www.sports-reference.com/cfb/players/josh-malone-1.html,Tennessee,SEC,JR,WR,32.0,104,1608,15.5,14,2,11,5.5,0,106,1619,15.3,14,23,NYJ,,80,22,7,22,7,75,10.7,1,4,25,0.3,3.4,31.8%,3.4,2,2,0,0,4,1.0,0.1,0.1,9,8.6,77,1,0,1
80,2017,4,133,Ryan Switzer,https://www.pro-football-reference.com/players/S/SwitRy00.htm,WR,22,DAL,2017,2019,0,0,0,3,41,1,10,26,0,50,321,1,North Carolina,https://www.sports-reference.com/cfb/players/ryan-switzer-1.html,North Carolina,ACC,SR,WR,53.0,243,2903,11.9,19,25,82,3.3,0,268,2985,11.1,19,25,PIT,,10,41,1,67,537,1,83,8.0,63,1373,0,61,21.8,2257,3,,,,,,,,,,,,,
81,2017,4,139,Jehu Chesson,https://www.pro-football-reference.com/players/C/ChesJe00.htm,WR,23,KAN,2017,2018,0,0,0,0,24,1,1,-4,0,3,25,0,Michigan,https://www.sports-reference.com/cfb/players/jehu-chesson-1.html,Michigan,Big Ten,SR,WR,45.0,114,1639,14.4,12,22,219,10.0,3,136,1858,13.7,15,25,WAS,,16,24,1,6,3,25,8.3,0,3,10,0.1,1.0,50.0%,4.2,1,-4,0,0,0,-4.0,-0.2,0.0,4,5.3,21,0,0,0
82,2017,4,141,Chad Hansen,https://www.pro-football-reference.com/players/H/HansCh00.htm,WR,22,NYJ,2017,2017,0,0,0,1,15,1,,,,9,94,0,California,https://www.sports-reference.com/cfb/players/chad-hansen-1.html,California,Pac-12,JR,WR,17.0,111,1498,13.5,12,0,0,,0,111,1498,13.5,12,22,NYJ,wr,16,15,1,17,9,94,10.4,0,7,24,0.6,6.3,52.9%,5.5,,,,,,,,,9,10.4,94,0,0,1
83,2017,5,166,Shelton Gibson,https://www.pro-football-reference.com/players/G/GibsSh00.htm,WR,22,PHI,2017,2018,0,0,0,0,20,0,,,,3,59,0,West Virginia,https://www.sports-reference.com/cfb/players/shelton-gibson-1.html,West Virginia,Big 12,JR,WR,32.0,84,1898,22.6,17,2,29,14.5,0,86,1927,22.4,17,,,,,,,,,,,,,,,,,,,,,,,,,,,,,,,
84,2017,5,170,Rodney Adams,https://www.pro-football-reference.com/players/A/AdamRo01.htm,WR,22,MIN,2017,2017,0,0,0,0,1,0,,,,,,,South Florida,https://www.sports-reference.com/cfb/players/rodney-adams-1.html,Toledo,,,,38.0,134,1961,14.6,16,39,370,9.5,7,173,2331,13.5,23,,,,,,,,,,,,,,,,,,,,,,,,,,,,,,,
85,2017,5,172,Isaiah McKenzie,https://www.pro-football-reference.com/players/M/McKeIs00.htm,WR,22,DEN,2017,2019,0,0,1,4,34,9,19,119,2,49,462,1,Georgia,https://www.sports-reference.com/cfb/players/isaiah-mckenzie-1.html,Georgia,SEC,JR,WR,33.0,60,823,13.7,7,37,329,8.9,4,97,1152,11.9,11,24,BUF,WR,19,34,9,82,49,462,9.4,1,24,46,1.4,13.6,59.8%,5.6,19,119,2,8,16,6.3,3.5,0.6,68,8.5,581,3,8,4
86,2017,5,175,DeAngelo Yancey,https://www.pro-football-reference.com/players/Y/YancDe00.htm,WR,22,GNB,,,0,0,0,,,,,,,,,,Purdue,https://www.sports-reference.com/cfb/players/deangelo-yancey-1.html,Purdue,Big Ten,SR,WR,39.0,141,2344,16.6,20,0,0,,0,141,2344,16.6,20,,,,,,,,,,,,,,,,,,,,,,,,,,,,,,,
87,2017,5,177,Trent Taylor,https://www.pro-football-reference.com/players/T/TaylTr02.htm,WR,23,SFO,2017,2018,0,0,0,5,29,1,,,,69,645,3,Louisiana Tech,https://www.sports-reference.com/cfb/players/trent-taylor-2.html,Louisiana Tech,CUSA,SR,WR,51.0,327,4179,12.8,32,0,0,,0,327,4179,12.8,32,24,SFO,,81,29,1,101,69,645,9.3,3,38,33,2.4,22.2,68.3%,6.4,,,,,,,,,69,9.3,645,3,2,5
88,2017,6,209,Robert Davis,https://www.pro-football-reference.com/players/D/DaviRo00.htm,WR,22,WAS,2017,2019,0,0,0,0,7,3,,,,2,17,0,Georgia St.,https://www.sports-reference.com/cfb/players/robert-davis-10.html,Georgia State,Sun Belt,SR,WR,49.0,222,3391,15.3,17,1,3,3.0,0,223,3394,15.2,17,,WAS,wr,19,7,3,5,2,17,8.5,0,2,11,0.3,2.4,40.0%,3.4,,,,,,,,,2,8.5,17,0,0,0
89,2017,7,219,Stacy Coley,https://www.pro-football-reference.com/players/C/ColeSt00.htm,WR,23,MIN,2017,2018,0,0,0,0,7,0,,,,,,,Miami (FL),https://www.sports-reference.com/cfb/players/stacy-coley-1.html,Miami (FL),ACC,SR,WR,48.0,166,2218,13.4,20,8,125,15.6,1,174,2343,13.5,21,,NYG,,13,7,,2,6,0,6,3.0,3,46,0,21,15.3,52,0,,,,,,,,,,,,,
90,2017,7,226,David Moore,https://www.pro-football-reference.com/players/M/MoorDa03.htm,WR,22,SEA,2017,2019,0,0,0,7,31,8,4,30,0,43,746,7,East Central (OK),https://www.sports-reference.com/cfb/players/david-moore-1.html,Ball State,,,,38.0,94,164,57.3,1143,7.0,6.5,5,4,121.0,,,,24,SEA,wr,83,31,8,87,43,746,17.3,7,33,60,1.4,24.1,49.4%,8.6,4,30,0,1,19,7.5,1.0,0.1,47,16.5,776,7,4,7
91,2017,7,237,Isaiah Ford,https://www.pro-football-reference.com/players/F/FordIs00.htm,WR,21,MIA,2018,2019,0,0,0,2,9,0,1,11,0,23,244,0,Virginia Tech,https://www.sports-reference.com/cfb/players/isaiah-ford-1.html,Virginia Tech,ACC,JR,WR,39.0,210,2967,14.1,24,17,84,4.9,0,227,3051,13.4,24,23,MIA,,84,9,,36,23,244,10.6,0,16,28,2.6,27.1,63.9%,6.8,1,11,0,1,11,11.0,1.2,0.1,24,10.6,255,0,0,2
92,2017,7,239,Noah Brown,https://www.pro-football-reference.com/players/B/BrowNo00.htm,WR,21,DAL,2017,2018,0,0,0,0,21,3,,,,9,87,0,Ohio St.,https://www.sports-reference.com/cfb/players/noah-brown-2.html,Ohio State,Big Ten,SO,WR,14.0,33,411,12.5,7,1,-4,-4.0,0,34,407,12.0,7,22,DAL,wr,85,21,3,17,9,87,9.7,0,6,22,0.4,4.1,52.9%,5.1,,,,,,,,,9,9.7,87,0,0,0
93,2017,7,247,Malachi Dupre,https://www.pro-football-reference.com/players/D/DuprMa01.htm,WR,21,GNB,2018,2018,0,0,0,0,1,0,,,,,,,LSU,https://www.sports-reference.com/cfb/players/malachi-dupre-1.html,LSU,SEC,JR,WR,31.0,98,1609,16.4,14,0,0,,0,98,1609,16.4,14,,,,,,,,,,,,,,,,,,,,,,,,,,,,,,,
94,2016,1,15,Corey Coleman,https://www.pro-football-reference.com/players/C/ColeCo00.htm,WR,22,CLE,2016,2018,0,0,2,6,27,19,3,15,0,61,789,5,Baylor,https://www.sports-reference.com/cfb/players/corey-coleman-1.html,Baylor,Big 12,JR,WR,34.0,173,3009,17.4,33,33,164,5.0,1,206,3173,15.4,34,24,NYG,wr,19,27,19,139,61,789,12.9,5,40,58,2.3,29.2,43.9%,5.7,3,15,0,0,9,5.0,0.6,0.1,64,12.6,804,5,0,6
95,2016,1,21,Will Fuller,https://www.pro-football-reference.com/players/F/FullWi01.htm,WR,22,HOU,2016,2019,0,0,3,18,42,41,3,6,0,156,2231,16,Notre Dame,https://www.sports-reference.com/cfb/players/william-fuller-2.html,Notre Dame,Ind,JR,WR,32.0,144,2512,17.4,30,2,8,4.0,0,146,2520,17.3,30,25,HOU,WR,15,42,41,258,156,2231,14.3,16,100,73,3.7,53.1,60.5%,8.6,3,6,0,0,5,2.0,0.1,0.1,159,14.1,2237,16,3,19
96,2016,1,22,Josh Doctson,https://www.pro-football-reference.com/players/D/DoctJo00.htm,WR,23,WAS,2016,2019,0,0,2,9,34,26,1,-14,0,81,1100,8,TCU,https://www.sports-reference.com/cfb/players/josh-doctson-1.html,Wyoming,,,,45.0,179,2784,15.6,29,2,7,3.5,0,181,2791,15.4,29,27,MIN,,13,34,26,162,81,1100,13.6,8,57,57,2.4,32.4,50.0%,6.8,1,-14,0,0,0,-14.0,-0.4,0.0,82,13.2,1086,8,0,9
97,2016,1,23,Laquon Treadwell,https://www.pro-football-reference.com/players/T/TreaLa00.htm,WR,21,MIN,2016,2019,0,0,0,6,53,16,,,,65,701,2,Mississippi,https://www.sports-reference.com/cfb/players/laquon-treadwell-1.html,Ole Miss,SEC,JR,WR,35.0,202,2393,11.8,21,6,-10,-1.7,0,208,2383,11.5,21,24,MIN,wr,11,53,16,107,65,701,10.8,2,37,58,1.2,13.2,60.7%,6.6,,,,,,,,,65,10.8,701,2,1,6
98,2016,2,40,Sterling Shepard,https://www.pro-football-reference.com/players/S/ShepSt00.htm,WR,23,NYG,2016,2019,0,0,4,21,53,52,16,140,0,247,2862,17,Oklahoma,https://www.sports-reference.com/cfb/players/sterling-shepard-1.html,Oklahoma,Big 12,SR,WR,49.0,233,3482,14.9,26,17,109,6.4,1,250,3591,14.4,27,26,NYG,WR,87,53,52,379,247,2862,11.6,17,154,77,4.7,54.0,65.2%,7.6,16,140,0,6,27,8.8,2.6,0.3,263,11.4,3002,17,2,22
99,2016,2,47,Michael Thomas,https://www.pro-football-reference.com/players/T/ThomMi05.htm,WR,23,NOR,2016,2019,2,3,4,54,63,57,1,-9,0,470,5512,32,Ohio St.,https://www.sports-reference.com/cfb/players/michael-thomas-3.html,Ohio State,Big Ten,JR,WR,39.0,113,1602,14.2,18,0,0,,0,113,1602,14.2,18,26,NOR,WR,13,63,57,602,470,5512,11.7,32,306,72,7.5,87.5,78.1%,9.2,1,-9,0,0,0,-9.0,-0.1,0.0,471,11.7,5503,32,5,58
100,2016,2,55,Tyler Boyd,https://www.pro-football-reference.com/players/B/BoydTy00.htm,WR,21,CIN,2016,2019,0,0,2,22,56,32,10,84,0,242,2902,15,Pittsburgh,https://www.sports-reference.com/cfb/players/tyler-boyd-1.html,,,,,,,,,,,,,,,,,,,,,,,,,,,,,,,,,,,,,,,,,,,,,,,,
101,2016,3,85,Braxton Miller,https://www.pro-football-reference.com/players/M/MillBr03.htm,WR,23,HOU,2016,2017,0,0,0,2,21,9,4,1,0,34,261,2,Ohio St.,https://www.sports-reference.com/cfb/players/braxton-miller-1.html,,,,,,,,,,,,,,,,,,,,,,,,,,,,,,,,,,,,,,,,,,,,,,,,
102,2016,3,86,Leonte Carroo,https://www.pro-football-reference.com/players/C/CarrLe00.htm,WR,22,MIA,2016,2018,0,0,0,2,37,2,1,14,0,12,192,2,Rutgers,https://www.sports-reference.com/cfb/players/leonte-carroo-1.html,,,,,,,,,,,,,,,,,,,,,,,,,,,,,,,,,,,,,,,,,,,,,,,,
103,2016,4,107,Chris Moore,https://www.pro-football-reference.com/players/M/MoorCh00.htm,WR,23,BAL,2016,2019,0,0,0,4,58,5,11,27,0,47,511,4,Cincinnati,https://www.sports-reference.com/cfb/players/chris-moore-4.html,,,,,,,,,,,,,,,,,,,,,,,,,,,,,,,,,,,,,,,,,,,,,,,,
104,2016,4,112,Malcolm Mitchell,https://www.pro-football-reference.com/players/M/MitcMa01.htm,WR,24,NWE,2016,2016,0,0,0,4,14,6,,,,32,401,4,Georgia,https://www.sports-reference.com/cfb/players/malcolm-mitchell-2.html,,,,,,,,,,,,,,,,,,,,,,,,,,,,,,,,,,,,,,,,,,,,,,,,
105,2016,4,114,Ricardo Louis,https://www.pro-football-reference.com/players/L/LouiRi00.htm,WR,22,CLE,2016,2017,0,0,1,3,32,12,,,,45,562,0,Auburn,https://www.sports-reference.com/cfb/players/ricardo-louis-1.html,,,,,,,,,,,,,,,,,,,,,,,,,,,,,,,,,,,,,,,,,,,,,,,,
106,2016,4,117,Pharoh Cooper,https://www.pro-football-reference.com/players/C/CoopPh00.htm,WR,21,LAR,2016,2019,1,1,0,5,46,5,2,8,0,50,433,1,South Carolina,https://www.sports-reference.com/cfb/players/pharoh-cooper-1.html,,,,,,,,,,,,,,,,,,,,,,,,,,,,,,,,,,,,,,,,,,,,,,,,
107,2016,4,126,Demarcus Robinson,https://www.pro-football-reference.com/players/R/RobiDe01.htm,WR,21,KAN,2016,2019,0,0,2,10,64,23,,,,75,949,8,Florida,https://www.sports-reference.com/cfb/players/demarcus-robinson-3.html,,,,,,,,,,,,,,,,,,,,,,,,,,,,,,,,,,,,,,,,,,,,,,,,
108,2016,5,140,Tajae Sharpe,https://www.pro-football-reference.com/players/S/SharTa00.htm,WR,21,TEN,2016,2019,0,0,2,11,47,29,2,17,0,92,1167,8,Massachusetts,https://www.sports-reference.com/cfb/players/tajae-sharpe-1.html,,,,,,,,,,,,,,,,,,,,,,,,,,,,,,,,,,,,,,,,,,,,,,,,
109,2016,5,154,Jordan Payton,https://www.pro-football-reference.com/players/P/PaytJo00.htm,WR,23,CLE,2016,2016,0,0,0,0,4,0,,,,1,3,0,UCLA,https://www.sports-reference.com/cfb/players/jordan-payton-1.html,,,,,,,,,,,,,,,,,,,,,,,,,,,,,,,,,,,,,,,,,,,,,,,,
110,2016,5,163,Trevor Davis,https://www.pro-football-reference.com/players/D/DaviTr03.htm,WR,23,GNB,2016,2019,0,0,0,2,43,4,6,86,1,16,205,1,California,https://www.sports-reference.com/cfb/players/trevor-davis-1.html,,,,,,,,,,,,,,,,,,,,,,,,,,,,,,,,,,,,,,,,,,,,,,,,
111,2016,5,165,Tyreek Hill,https://www.pro-football-reference.com/players/H/HillTy00.htm,WR,22,KAN,2016,2019,2,4,3,47,59,42,71,500,4,281,4115,32,West Alabama,https://www.sports-reference.com/cfb/players/tyreek-hill-1.html,,,,,,,,,,,,,,,,,,,,,,,,,,,,,,,,,,,,,,,,,,,,,,,,
112,2016,5,172,Rashard Higgins,https://www.pro-football-reference.com/players/H/HiggRa00.htm,WR,21,CLE,2016,2019,0,0,0,6,54,6,1,4,0,76,1016,7,Colorado St.,https://www.sports-reference.com/cfb/players/rashard-higgins-1.html,,,,,,,,,,,,,,,,,,,,,,,,,,,,,,,,,,,,,,,,,,,,,,,,
113,2016,6,180,Moritz Boehringer,https://www.pro-football-reference.com/players/B/BoehMo00.htm,WR,22,MIN,,,0,0,0,,,,,,,,,,,https://www.sports-reference.com/cfb/players/moritz-boehringer-1.html,,,,,,,,,,,,,,,,,,,,,,,,,,,,,,,,,,,,,,,,,,,,,,,,
114,2016,6,186,Jakeem Grant,https://www.pro-football-reference.com/players/G/GranJa00.htm,WR,23,MIA,2016,2019,0,0,0,9,52,4,9,23,1,53,635,4,Texas Tech,https://www.sports-reference.com/cfb/players/jakeem-grant-1.html,,,,,,,,,,,,,,,,,,,,,,,,,,,,,,,,,,,,,,,,,,,,,,,,
115,2016,6,192,Kolby Listenbee,https://www.pro-football-reference.com/players/L/ListKo00.htm,WR,22,BUF,,,0,0,0,,,,,,,,,,TCU,https://www.sports-reference.com/cfb/players/kolby-listenbee-1.html,,,,,,,,,,,,,,,,,,,,,,,,,,,,,,,,,,,,,,,,,,,,,,,,
116,2016,6,199,Cody Core,https://www.pro-football-reference.com/players/C/CoreCo00.htm,WR,22,CIN,2016,2019,0,0,0,3,51,7,,,,33,388,1,Mississippi,https://www.sports-reference.com/cfb/players/cody-core-1.html,,,,,,,,,,,,,,,,,,,,,,,,,,,,,,,,,,,,,,,,,,,,,,,,
117,2016,6,206,Mike Thomas,https://www.pro-football-reference.com/players/T/ThomMi04.htm,WR,22,LAR,2016,2019,0,0,0,1,40,1,,,,10,144,0,Southern Miss,https://www.sports-reference.com/cfb/players/michael-thomas-6.html,,,,,,,,,,,,,,,,,,,,,,,,,,,,,,,,,,,,,,,,,,,,,,,,
118,2016,6,213,Aaron Burbridge,https://www.pro-football-reference.com/players/B/BurbAa00.htm,WR,22,SFO,2016,2016,0,0,0,1,16,3,,,,7,88,0,Michigan St.,https://www.sports-reference.com/cfb/players/aaron-burbridge-1.html,,,,,,,,,,,,,,,,,,,,,,,,,,,,,,,,,,,,,,,,,,,,,,,,
119,2016,7,225,Devin Lucien,https://www.pro-football-reference.com/players/L/LuciDe00.htm,WR,23,NWE,,,0,0,0,,,,,,,,,,Arizona St.,https://www.sports-reference.com/cfb/players/devin-lucien-1.html,,,,,,,,,,,,,,,,,,,,,,,,,,,,,,,,,,,,,,,,,,,,,,,,
120,2016,7,229,Demarcus Ayers,https://www.pro-football-reference.com/players/A/AyerDe00.htm,WR,22,PIT,2016,2016,0,0,0,0,2,1,2,-12,0,6,53,1,Houston,https://www.sports-reference.com/cfb/players/demarcus-ayers-1.html,,,,,,,,,,,,,,,,,,,,,,,,,,,,,,,,,,,,,,,,,,,,,,,,
121,2016,7,230,Daniel Braverman,https://www.pro-football-reference.com/players/B/BravDa00.htm,WR,22,CHI,2016,2016,0,0,0,0,3,0,,,,,,,West. Michigan,https://www.sports-reference.com/cfb/players/daniel-braverman-1.html,,,,,,,,,,,,,,,,,,,,,,,,,,,,,,,,,,,,,,,,,,,,,,,,
122,2016,7,238,Devin Fuller,https://www.pro-football-reference.com/players/F/FullDe00.htm,WR,22,ATL,,,0,0,0,,,,,,,,,,UCLA,https://www.sports-reference.com/cfb/players/devin-fuller-1.html,,,,,,,,,,,,,,,,,,,,,,,,,,,,,,,,,,,,,,,,,,,,,,,,
123,2016,7,241,Charone Peake,https://www.pro-football-reference.com/players/P/PeakCh00.htm,WR,23,NYJ,2016,2018,0,0,0,1,31,1,,,,22,214,0,Clemson,https://www.sports-reference.com/cfb/players/charone-peake-1.html,,,,,,,,,,,,,,,,,,,,,,,,,,,,,,,,,,,,,,,,,,,,,,,,
124,2016,7,243,Kenny Lawler,https://www.pro-football-reference.com/players/L/LawlKe00.htm,WR,22,SEA,,,0,0,0,,,,,,,,,,California,https://www.sports-reference.com/cfb/players/kenny-lawler-1.html,,,,,,,,,,,,,,,,,,,,,,,,,,,,,,,,,,,,,,,,,,,,,,,,
125,2015,1,4,Amari Cooper,https://www.pro-football-reference.com/players/C/CoopAm00.htm,WR,21,OAK,2015,2019,0,4,5,39,77,72,8,27,0,357,5097,33,Alabama,https://www.sports-reference.com/cfb/players/amari-cooper-1.html,,,,,,,,,,,,,,,,,,,,,,,,,,,,,,,,,,,,,,,,,,,,,,,,
126,2015,1,7,Kevin White,https://www.pro-football-reference.com/players/W/WhitKe00.htm,WR,23,CHI,2016,2018,0,0,0,2,14,5,1,9,0,25,285,0,West Virginia,https://www.sports-reference.com/cfb/players/kevin-white-6.html,,,,,,,,,,,,,,,,,,,,,,,,,,,,,,,,,,,,,,,,,,,,,,,,
127,2015,1,14,DeVante Parker,https://www.pro-football-reference.com/players/P/ParkDe01.htm,WR,22,MIA,2015,2019,0,0,3,23,70,45,,,,235,3419,18,Louisville,https://www.sports-reference.com/cfb/players/devante-parker-1.html,,,,,,,,,,,,,,,,,,,,,,,,,,,,,,,,,,,,,,,,,,,,,,,,
128,2015,1,20,Nelson Agholor,https://www.pro-football-reference.com/players/A/AghoNe00.htm,WR,22,PHI,2015,2019,0,0,5,21,71,62,11,60,0,224,2515,18,USC,https://www.sports-reference.com/cfb/players/nelson-agholor-1.html,,,,,,,,,,,,,,,,,,,,,,,,,,,,,,,,,,,,,,,,,,,,,,,,
129,2015,1,26,Breshad Perriman,https://www.pro-football-reference.com/players/P/PerrBr02.htm,WR,21,BAL,2016,2019,0,0,0,11,51,10,7,20,0,95,1561,11,Central Florida,https://www.sports-reference.com/cfb/players/breshad-perriman-1.html,,,,,,,,,,,,,,,,,,,,,,,,,,,,,,,,,,,,,,,,,,,,,,,,
130,2015,1,29,Phillip Dorsett,https://www.pro-football-reference.com/players/D/DorsPh00.htm,WR,22,IND,2015,2019,0,0,0,14,71,15,13,84,0,124,1634,11,Miami (FL),https://www.sports-reference.com/cfb/players/phillip-dorsett-1.html,,,,,,,,,,,,,,,,,,,,,,,,,,,,,,,,,,,,,,,,,,,,,,,,
131,2015,2,37,Devin Smith,https://www.pro-football-reference.com/players/S/SmitDe04.htm,WR,23,NYJ,2015,2019,0,0,0,2,18,5,,,,15,248,2,Ohio St.,https://www.sports-reference.com/cfb/players/devin-smith-2.html,,,,,,,,,,,,,,,,,,,,,,,,,,,,,,,,,,,,,,,,,,,,,,,,
132,2015,2,40,Dorial Green-Beckham,https://www.pro-football-reference.com/players/G/GreeDo00.htm,WR,22,TEN,2015,2016,0,0,0,7,31,12,,,,68,941,6,Oklahoma,https://www.sports-reference.com/cfb/players/dorial-green-beckham-1.html,,,,,,,,,,,,,,,,,,,,,,,,,,,,,,,,,,,,,,,,,,,,,,,,
133,2015,3,69,Tyler Lockett,https://www.pro-football-reference.com/players/L/LockTy00.htm,WR,22,SEA,2015,2019,1,1,4,37,79,55,38,256,1,276,3838,27,Kansas St.,https://www.sports-reference.com/cfb/players/tyler-lockett-1.html,,,,,,,,,,,,,,,,,,,,,,,,,,,,,,,,,,,,,,,,,,,,,,,,
134,2015,3,70,Jaelen Strong,https://www.pro-football-reference.com/players/S/StroJa01.htm,WR,21,HOU,2015,2017,0,0,0,2,20,3,,,,31,330,4,Arizona St.,https://www.sports-reference.com/cfb/players/jaelen-strong-1.html,,,,,,,,,,,,,,,,,,,,,,,,,,,,,,,,,,,,,,,,,,,,,,,,
135,2015,3,76,Chris Conley,https://www.pro-football-reference.com/players/C/ConlCh00.htm,WR,22,KAN,2015,2019,0,0,3,18,69,48,,,,151,2013,11,Georgia,https://www.sports-reference.com/cfb/players/chris-conley-1.html,,,,,,,,,,,,,,,,,,,,,,,,,,,,,,,,,,,,,,,,,,,,,,,,
136,2015,3,87,Sammie Coates,https://www.pro-football-reference.com/players/C/CoatSa00.htm,WR,22,PIT,2015,2018,0,0,0,4,45,6,4,14,0,29,528,2,Auburn,https://www.sports-reference.com/cfb/players/sammie-coates-1.html,,,,,,,,,,,,,,,,,,,,,,,,,,,,,,,,,,,,,,,,,,,,,,,,
137,2015,3,94,Ty Montgomery,https://www.pro-football-reference.com/players/M/MontTy01.htm,WR,22,GNB,2015,2019,0,0,0,15,58,16,224,1035,7,120,982,3,Stanford,https://www.sports-reference.com/cfb/players/ty-montgomery-1.html,,,,,,,,,,,,,,,,,,,,,,,,,,,,,,,,,,,,,,,,,,,,,,,,
138,2015,4,105,Jamison Crowder,https://www.pro-football-reference.com/players/C/CrowJa00.htm,WR,22,WAS,2015,2019,0,0,2,25,72,40,16,68,0,299,3461,20,Duke,https://www.sports-reference.com/cfb/players/jamison-crowder-1.html,,,,,,,,,,,,,,,,,,,,,,,,,,,,,,,,,,,,,,,,,,,,,,,,
139,2015,4,107,Justin Hardy,https://www.pro-football-reference.com/players/H/HardJu00.htm,WR,23,ATL,2015,2019,0,0,0,8,73,6,,,,95,946,9,East Carolina,https://www.sports-reference.com/cfb/players/justin-hardy-1.html,,,,,,,,,,,,,,,,,,,,,,,,,,,,,,,,,,,,,,,,,,,,,,,,
140,2015,4,123,Vince Mayle,https://www.pro-football-reference.com/players/M/MaylVi00.htm,WR,24,CLE,2015,2017,0,0,0,0,23,0,2,2,1,,,,Washington St.,https://www.sports-reference.com/cfb/players/vince-mayle-1.html,,,,,,,,,,,,,,,,,,,,,,,,,,,,,,,,,,,,,,,,,,,,,,,,
141,2015,4,132,DeAndre Smelter,https://www.pro-football-reference.com/players/S/SmelDe00.htm,WR,23,SFO,2016,2016,0,0,0,0,2,0,,,,1,23,0,Georgia Tech,https://www.sports-reference.com/cfb/players/deandre-smelter-1.html,,,,,,,,,,,,,,,,,,,,,,,,,,,,,,,,,,,,,,,,,,,,,,,,
142,2015,5,139,Rashad Greene,https://www.pro-football-reference.com/players/G/GreeRa00.htm,WR,22,JAX,2015,2018,0,0,0,2,25,1,,,,30,185,2,Florida St.,https://www.sports-reference.com/cfb/players/rashad-greene-1.html,,,,,,,,,,,,,,,,,,,,,,,,,,,,,,,,,,,,,,,,,,,,,,,,
143,2015,5,146,Stefon Diggs,https://www.pro-football-reference.com/players/D/DiggSt00.htm,WR,21,MIN,2015,2019,0,0,5,40,70,63,29,159,0,365,4623,30,Maryland,https://www.sports-reference.com/cfb/players/stefon-diggs-1.html,,,,,,,,,,,,,,,,,,,,,,,,,,,,,,,,,,,,,,,,,,,,,,,,
144,2015,5,156,Tony Lippett,https://www.pro-football-reference.com/players/L/LippTo00.htm,WR,23,MIA,2015,2018,0,0,1,6,28,13,,,,,,,Michigan St.,https://www.sports-reference.com/cfb/players/tony-lippett-1.html,,,,,,,,,,,,,,,,,,,,,,,,,,,,,,,,,,,,,,,,,,,,,,,,
145,2015,5,159,JJ Nelson,https://www.pro-football-reference.com/players/N/NelsJJ00.htm,WR,23,ARI,2015,2019,0,0,0,12,58,16,12,120,1,85,1475,11,Ala-Birmingham,https://www.sports-reference.com/cfb/players/jj-nelson-1.html,,,,,,,,,,,,,,,,,,,,,,,,,,,,,,,,,,,,,,,,,,,,,,,,
146,2015,5,162,Kenny Bell,https://www.pro-football-reference.com/players/B/BellKe02.htm,WR,23,TAM,,,0,0,0,,,,,,,,,,Nebraska,https://www.sports-reference.com/cfb/players/kenny-bell-2.html,,,,,,,,,,,,,,,,,,,,,,,,,,,,,,,,,,,,,,,,,,,,,,,,
147,2015,5,175,Keith Mumphery,https://www.pro-football-reference.com/players/M/MumpKe00.htm,WR,23,HOU,2015,2016,0,0,0,2,27,6,,,,24,198,0,Michigan St.,https://www.sports-reference.com/cfb/players/keith-mumphery-1.html,,,,,,,,,,,,,,,,,,,,,,,,,,,,,,,,,,,,,,,,,,,,,,,,
148,2015,6,184,Kaelin Clay,https://www.pro-football-reference.com/players/C/ClayKa00.htm,WR,23,TAM,2015,2018,0,0,0,3,22,2,3,27,0,6,85,0,Utah,https://www.sports-reference.com/cfb/players/kaelin-clay-1.html,,,,,,,,,,,,,,,,,,,,,,,,,,,,,,,,,,,,,,,,,,,,,,,,
149,2015,6,186,Geremy Davis,https://www.pro-football-reference.com/players/D/DaviGe00.htm,WR,23,NYG,2015,2019,0,0,0,0,36,1,,,,5,59,0,Connecticut,https://www.sports-reference.com/cfb/players/geremy-davis-1.html,,,,,,,,,,,,,,,,,,,,,,,,,,,,,,,,,,,,,,,,,,,,,,,,
150,2015,6,187,Evan Spencer,https://www.pro-football-reference.com/players/S/SpenEv00.htm,WR,22,WAS,2015,2015,0,0,0,0,1,0,,,,,,,Ohio St.,https://www.sports-reference.com/cfb/players/evan-spencer-1.html,,,,,,,,,,,,,,,,,,,,,,,,,,,,,,,,,,,,,,,,,,,,,,,,
151,2015,6,201,Bud Sasser,https://www.pro-football-reference.com/players/S/SassBu00.htm,WR,,STL,,,0,0,0,,,,,,,,,,Missouri,https://www.sports-reference.com/cfb/players/bud-sasser-1.html,,,,,,,,,,,,,,,,,,,,,,,,,,,,,,,,,,,,,,,,,,,,,,,,
152,2015,6,204,Darren Waller,https://www.pro-football-reference.com/players/W/WallDa01.htm,WR,22,BAL,2015,2019,0,0,1,10,38,20,3,26,0,108,1323,5,Georgia Tech,https://www.sports-reference.com/cfb/players/darren-waller-1.html,,,,,,,,,,,,,,,,,,,,,,,,,,,,,,,,,,,,,,,,,,,,,,,,
153,2015,7,220,Neal Sterling,https://www.pro-football-reference.com/players/S/SterNe00.htm,WR,23,JAX,2015,2018,0,0,0,2,35,6,,,,24,239,0,Monmouth,https://www.sports-reference.com/cfb/players/neal-sterling-1.html,,,,,,,,,,,,,,,,,,,,,,,,,,,,,,,,,,,,,,,,,,,,,,,,
154,2015,7,221,Andre Debose,https://www.pro-football-reference.com/players/D/DeboAn00.htm,WR,,OAK,,,0,0,0,,,,,,,,,,Florida,https://www.sports-reference.com/cfb/players/andre-debose-1.html,,,,,,,,,,,,,,,,,,,,,,,,,,,,,,,,,,,,,,,,,,,,,,,,
155,2015,7,233,Da'Ron Brown,https://www.pro-football-reference.com/players/B/BrowDa03.htm,WR,23,KAN,,,0,0,0,,,,,,,,,,Northern Illinois,https://www.sports-reference.com/cfb/players/da'ron-brown-1.html,,,,,,,,,,,,,,,,,,,,,,,,,,,,,,,,,,,,,,,,,,,,,,,,
156,2015,7,234,Dezmin Lewis,https://www.pro-football-reference.com/players/L/LewiDe02.htm,WR,22,BUF,2015,2016,0,0,0,0,2,0,,,,,,,Central Arkansas,https://www.sports-reference.com/cfb/players/dezmin-lewis-1.html,,,,,,,,,,,,,,,,,,,,,,,,,,,,,,,,,,,,,,,,,,,,,,,,
157,2015,7,238,Mario Alford,https://www.pro-football-reference.com/players/A/AlfoMa00.htm,WR,23,CIN,2015,2016,0,0,0,0,4,0,,,,1,15,0,West Virginia,https://www.sports-reference.com/cfb/players/mario-alford-1.html,,,,,,,,,,,,,,,,,,,,,,,,,,,,,,,,,,,,,,,,,,,,,,,,
158,2015,7,245,Tre McBride,https://www.pro-football-reference.com/players/M/McBrTr00.htm,WR,22,TEN,2015,2017,0,0,0,1,17,3,1,8,0,10,152,1,William & Mary,https://www.sports-reference.com/cfb/players/tre-mcbride-1.html,,,,,,,,,,,,,,,,,,,,,,,,,,,,,,,,,,,,,,,,,,,,,,,,
159,2014,1,4,Sammy Watkins,https://www.pro-football-reference.com/players/W/WatkSa00.htm,WR,21,BUF,2014,2019,0,0,6,36,76,73,10,73,0,284,4244,31,Clemson,https://www.sports-reference.com/cfb/players/sammy-watkins-1.html,,,,,,,,,,,,,,,,,,,,,,,,,,,,,,,,,,,,,,,,,,,,,,,,
160,2014,1,7,Mike Evans,https://www.pro-football-reference.com/players/E/EvanMi00.htm,WR,21,TAM,2014,2019,0,3,6,49,90,89,,,,462,7260,48,Texas A&M,https://www.sports-reference.com/cfb/players/mike-evans-4.html,,,,,,,,,,,,,,,,,,,,,,,,,,,,,,,,,,,,,,,,,,,,,,,,
161,2014,1,12,Odell Beckham,https://www.pro-football-reference.com/players/B/BeckOd00.htm,WR,21,NYG,2014,2019,0,3,5,49,75,71,18,84,0,464,6511,48,LSU,https://www.sports-reference.com/cfb/players/odell-beckham-jr-1.html,,,,,,,,,,,,,,,,,,,,,,,,,,,,,,,,,,,,,,,,,,,,,,,,
162,2014,1,20,Brandin Cooks,https://www.pro-football-reference.com/players/C/CookBr00.htm,WR,20,NOR,2014,2019,0,0,5,51,88,77,46,281,2,402,5730,34,Oregon St.,https://www.sports-reference.com/cfb/players/brandin-cooks-1.html,,,,,,,,,,,,,,,,,,,,,,,,,,,,,,,,,,,,,,,,,,,,,,,,
163,2014,1,28,Kelvin Benjamin,https://www.pro-football-reference.com/players/B/BenjKe00.htm,WR,23,CAR,2014,2018,0,0,4,22,61,52,,,,209,3021,20,Florida St.,https://www.sports-reference.com/cfb/players/kelvin-benjamin-1.html,,,,,,,,,,,,,,,,,,,,,,,,,,,,,,,,,,,,,,,,,,,,,,,,
164,2014,2,39,Marqise Lee,https://www.pro-football-reference.com/players/L/LeexMa00.htm,WR,22,JAX,2014,2019,0,0,2,17,59,30,16,100,0,174,2184,8,USC,https://www.sports-reference.com/cfb/players/marqise-lee-1.html,,,,,,,,,,,,,,,,,,,,,,,,,,,,,,,,,,,,,,,,,,,,,,,,
165,2014,2,42,Jordan Matthews,https://www.pro-football-reference.com/players/M/MattJo00.htm,WR,22,PHI,2014,2019,0,0,3,23,73,47,,,,274,3288,22,Vanderbilt,https://www.sports-reference.com/cfb/players/jordan-matthews-1.html,,,,,,,,,,,,,,,,,,,,,,,,,,,,,,,,,,,,,,,,,,,,,,,,
166,2014,2,45,Paul Richardson,https://www.pro-football-reference.com/players/R/RichPa01.htm,WR,22,SEA,2014,2019,0,0,1,14,64,29,4,14,0,143,1809,12,Colorado,https://www.sports-reference.com/cfb/players/paul-richardson-1.html,,,,,,,,,,,,,,,,,,,,,,,,,,,,,,,,,,,,,,,,,,,,,,,,
167,2014,2,53,Davante Adams,https://www.pro-football-reference.com/players/A/AdamDa01.htm,WR,21,GNB,2014,2019,0,3,6,41,86,79,,,,431,5194,44,Fresno St.,https://www.sports-reference.com/cfb/players/davante-adams-1.html,,,,,,,,,,,,,,,,,,,,,,,,,,,,,,,,,,,,,,,,,,,,,,,,
168,2014,2,56,Cody Latimer,https://www.pro-football-reference.com/players/L/LatiCo00.htm,WR,21,DEN,2014,2019,0,0,1,6,66,15,2,1,0,70,935,6,Indiana,https://www.sports-reference.com/cfb/players/cody-latimer-1.html,,,,,,,,,,,,,,,,,,,,,,,,,,,,,,,,,,,,,,,,,,,,,,,,
169,2014,2,61,Allen Robinson,https://www.pro-football-reference.com/players/R/RobiAl02.htm,WR,21,JAX,2014,2019,0,1,5,33,72,68,2,11,0,355,4749,33,Penn St.,https://www.sports-reference.com/cfb/players/allen-robinson-1.html,,,,,,,,,,,,,,,,,,,,,,,,,,,,,,,,,,,,,,,,,,,,,,,,
170,2014,2,63,Jarvis Landry,https://www.pro-football-reference.com/players/L/LandJa00.htm,WR,21,MIA,2014,2019,0,5,6,44,96,87,30,189,2,564,6188,32,LSU,https://www.sports-reference.com/cfb/players/jarvis-landry-1.html,,,,,,,,,,,,,,,,,,,,,,,,,,,,,,,,,,,,,,,,,,,,,,,,
171,2014,3,86,Josh Huff,https://www.pro-football-reference.com/players/H/HuffJo00.htm,WR,22,PHI,2014,2016,0,0,0,6,37,6,5,22,0,51,523,4,Oregon,https://www.sports-reference.com/cfb/players/josh-huff-1.html,,,,,,,,,,,,,,,,,,,,,,,,,,,,,,,,,,,,,,,,,,,,,,,,
172,2014,3,90,Donte Moncrief,https://www.pro-football-reference.com/players/M/MoncDo00.htm,WR,21,IND,2014,2019,0,0,3,18,77,43,5,16,0,204,2561,21,Mississippi,https://www.sports-reference.com/cfb/players/donte-moncrief-1.html,,,,,,,,,,,,,,,,,,,,,,,,,,,,,,,,,,,,,,,,,,,,,,,,
173,2014,3,91,John Brown,https://www.pro-football-reference.com/players/B/BrowJo02.htm,WR,24,ARI,2014,2019,0,0,3,33,87,57,13,47,0,287,4290,28,Pittsburg St.,https://www.sports-reference.com/cfb/players/john-brown-1.html,,,,,,,,,,,,,,,,,,,,,,,,,,,,,,,,,,,,,,,,,,,,,,,,
174,2014,3,97,Dri Archer,https://www.pro-football-reference.com/players/A/ArchDr00.htm,WR,23,PIT,2014,2015,0,0,0,0,20,0,10,40,0,7,23,0,Kent St.,https://www.sports-reference.com/cfb/players/dri-archer-1.html,,,,,,,,,,,,,,,,,,,,,,,,,,,,,,,,,,,,,,,,,,,,,,,,
175,2014,4,104,Jalen Saunders,https://www.pro-football-reference.com/players/S/SaunJa00.htm,WR,21,NYJ,2014,2014,0,0,0,0,15,0,,,,1,7,0,Oklahoma,https://www.sports-reference.com/cfb/players/jalen-saunders-1.html,,,,,,,,,,,,,,,,,,,,,,,,,,,,,,,,,,,,,,,,,,,,,,,,
176,2014,4,106,Bruce Ellington,https://www.pro-football-reference.com/players/E/ElliBr00.htm,WR,23,SFO,2014,2018,0,0,0,7,44,9,11,54,1,79,769,5,South Carolina,https://www.sports-reference.com/cfb/players/bruce-ellington-1.html,,,,,,,,,,,,,,,,,,,,,,,,,,,,,,,,,,,,,,,,,,,,,,,,
177,2014,4,115,Shaquelle Evans,https://www.pro-football-reference.com/players/E/EvanSh00.htm,WR,23,NYJ,2014,2014,0,0,0,0,0,,,,,,,,UCLA,https://www.sports-reference.com/cfb/players/shaquelle-evans-1.html,,,,,,,,,,,,,,,,,,,,,,,,,,,,,,,,,,,,,,,,,,,,,,,,
178,2014,4,118,Martavis Bryant,https://www.pro-football-reference.com/players/B/BryaMa00.htm,WR,22,PIT,2014,2018,0,0,1,19,44,18,17,94,1,145,2183,17,Clemson,https://www.sports-reference.com/cfb/players/martavis-bryant-1.html,,,,,,,,,,,,,,,,,,,,,,,,,,,,,,,,,,,,,,,,,,,,,,,,
179,2014,4,123,Kevin Norwood,https://www.pro-football-reference.com/players/N/NorwKe00.htm,WR,24,SEA,2014,2015,0,0,0,1,10,2,,,,9,102,0,Alabama,https://www.sports-reference.com/cfb/players/kevin-norwood-1.html,,,,,,,,,,,,,,,,,,,,,,,,,,,,,,,,,,,,,,,,,,,,,,,,
180,2014,5,142,Ryan Grant,https://www.pro-football-reference.com/players/G/GranRy01.htm,WR,23,WAS,2014,2019,0,0,1,10,80,26,,,,123,1333,7,Tulane,https://www.sports-reference.com/cfb/players/ryan-grant-2.html,,,,,,,,,,,,,,,,,,,,,,,,,,,,,,,,,,,,,,,,,,,,,,,,
181,2014,5,146,Devin Street,https://www.pro-football-reference.com/players/S/StreDe00.htm,WR,23,DAL,2014,2016,0,0,0,1,35,2,,,,10,152,1,Pittsburgh,https://www.sports-reference.com/cfb/players/devin-street-1.html,,,,,,,,,,,,,,,,,,,,,,,,,,,,,,,,,,,,,,,,,,,,,,,,
182,2014,5,176,Jared Abbrederis,https://www.pro-football-reference.com/players/A/AbbrJa00.htm,WR,23,GNB,2014,2017,0,0,0,1,21,0,,,,13,163,0,Wisconsin,https://www.sports-reference.com/cfb/players/jared-abbrederis-1.html,,,,,,,,,,,,,,,,,,,,,,,,,,,,,,,,,,,,,,,,,,,,,,,,
183,2014,6,185,Robert Herron,https://www.pro-football-reference.com/players/H/HerrRo00.htm,WR,22,TAM,2014,2014,0,0,0,0,8,0,1,0,0,6,58,1,Wyoming,https://www.sports-reference.com/cfb/players/robert-herron-1.html,,,,,,,,,,,,,,,,,,,,,,,,,,,,,,,,,,,,,,,,,,,,,,,,
184,2014,6,189,T.J. Jones,https://www.pro-football-reference.com/players/J/JoneT.00.htm,WR,22,DET,2014,2019,0,0,0,6,45,9,1,-3,0,67,852,5,Notre Dame,https://www.sports-reference.com/cfb/players/t.j.-jones-1.html,,,,,,,,,,,,,,,,,,,,,,,,,,,,,,,,,,,,,,,,,,,,,,,,
185,2014,6,190,Matt Hazel,https://www.pro-football-reference.com/players/H/HazeMa01.htm,WR,22,MIA,2014,2017,0,0,0,0,9,1,,,,1,1,0,Coastal Carolina,https://www.sports-reference.com/cfb/players/matt-hazel-1.html,,,,,,,,,,,,,,,,,,,,,,,,,,,,,,,,,,,,,,,,,,,,,,,,
186,2014,6,196,Walt Powell,https://www.pro-football-reference.com/players/P/PoweWa00.htm,WR,22,ARI,2014,2016,0,0,0,1,15,2,,,,14,142,0,Murray St.,https://www.sports-reference.com/cfb/players/walt-powell-1.html,,,,,,,,,,,,,,,,,,,,,,,,,,,,,,,,,,,,,,,,,,,,,,,,
187,2014,6,209,Quincy Enunwa,https://www.pro-football-reference.com/players/E/EnunQu00.htm,WR,22,NYJ,2014,2019,0,0,2,13,41,30,2,12,0,119,1617,5,Nebraska,https://www.sports-reference.com/cfb/players/quincy-enunwa-1.html,,,,,,,,,,,,,,,,,,,,,,,,,,,,,,,,,,,,,,,,,,,,,,,,
188,2014,7,218,Michael Campanaro,https://www.pro-football-reference.com/players/C/CampMi02.htm,WR,23,BAL,2014,2017,0,0,0,4,24,0,10,131,1,31,310,2,Wake Forest,https://www.sports-reference.com/cfb/players/michael-campanaro-1.html,,,,,,,,,,,,,,,,,,,,,,,,,,,,,,,,,,,,,,,,,,,,,,,,
189,2014,7,236,Jeff Janis,https://www.pro-football-reference.com/players/J/JaniJe00.htm,WR,23,GNB,2014,2017,0,0,0,2,51,1,2,38,1,17,200,1,Saginaw Valley St.,https://www.sports-reference.com/cfb/players/jeff-janis-1.html,,,,,,,,,,,,,,,,,,,,,,,,,,,,,,,,,,,,,,,,,,,,,,,,
190,2014,7,239,James Wright,https://www.pro-football-reference.com/players/W/WrigJa03.htm,WR,22,CIN,2014,2016,0,0,0,2,24,2,5,24,0,18,197,0,LSU,https://www.sports-reference.com/cfb/players/james-wright-1.html,,,,,,,,,,,,,,,,,,,,,,,,,,,,,,,,,,,,,,,,,,,,,,,,
191,2014,7,240,Tevin Reese,https://www.pro-football-reference.com/players/R/ReesTe00.htm,WR,23,SDG,2014,2014,0,0,0,0,0,,,,,,,,Baylor,https://www.sports-reference.com/cfb/players/tevin-reese-1.html,,,,,,,,,,,,,,,,,,,,,,,,,,,,,,,,,,,,,,,,,,,,,,,,
192,2014,7,244,Jeremy Gallon,https://www.pro-football-reference.com/players/G/GallJe00.htm,WR,24,NWE,,,0,0,0,,,,,,,,,,Michigan,https://www.sports-reference.com/cfb/players/jeremy-gallon-1.html,,,,,,,,,,,,,,,,,,,,,,,,,,,,,,,,,,,,,,,,,,,,,,,,
193,2013,1,8,Tavon Austin,https://www.pro-football-reference.com/players/A/AustTa00.htm,WR,23,STL,2013,2019,0,0,4,25,96,50,196,1340,10,215,2006,15,West Virginia,https://www.sports-reference.com/cfb/players/tavon-austin-1.html,,,,,,,,,,,,,,,,,,,,,,,,,,,,,,,,,,,,,,,,,,,,,,,,
194,2013,1,27,DeAndre Hopkins,https://www.pro-football-reference.com/players/H/HopkDe00.htm,WR,21,HOU,2013,2019,3,4,7,59,110,110,3,11,0,632,8602,54,Clemson,https://www.sports-reference.com/cfb/players/deandre-hopkins-1.html,,,,,,,,,,,,,,,,,,,,,,,,,,,,,,,,,,,,,,,,,,,,,,,,
195,2013,1,29,Cordarrelle Patterson,https://www.pro-football-reference.com/players/P/PattCo00.htm,WR,22,MIN,2013,2019,3,3,1,26,111,33,103,785,7,195,1955,10,Tennessee,https://www.sports-reference.com/cfb/players/cordarrelle-patterson-1.html,,,,,,,,,,,,,,,,,,,,,,,,,,,,,,,,,,,,,,,,,,,,,,,,
196,2013,2,34,Justin Hunter,https://www.pro-football-reference.com/players/H/HuntJu00.htm,WR,22,TEN,2013,2018,0,0,1,9,60,19,,,,85,1349,13,Tennessee,https://www.sports-reference.com/cfb/players/justin-hunter-1.html,,,,,,,,,,,,,,,,,,,,,,,,,,,,,,,,,,,,,,,,,,,,,,,,
197,2013,2,41,Robert Woods,https://www.pro-football-reference.com/players/W/WoodRo02.htm,WR,21,BUF,2013,2019,0,0,7,45,100,90,42,306,2,435,5585,25,USC,https://www.sports-reference.com/cfb/players/robert-woods-1.html,,,,,,,,,,,,,,,,,,,,,,,,,,,,,,,,,,,,,,,,,,,,,,,,
198,2013,2,59,Aaron Dobson,https://www.pro-football-reference.com/players/D/DobsAa00.htm,WR,22,NWE,2013,2015,0,0,1,6,24,13,,,,53,698,4,Marshall,https://www.sports-reference.com/cfb/players/aaron-dobson-1.html,,,,,,,,,,,,,,,,,,,,,,,,,,,,,,,,,,,,,,,,,,,,,,,,
199,2013,3,74,Terrance Williams,https://www.pro-football-reference.com/players/W/WillTe01.htm,WR,23,DAL,2013,2018,0,0,4,28,83,68,5,19,0,232,3377,20,Baylor,https://www.sports-reference.com/cfb/players/terrance-williams-2.html,,,,,,,,,,,,,,,,,,,,,,,,,,,,,,,,,,,,,,,,,,,,,,,,
200,2013,3,76,Keenan Allen,https://www.pro-football-reference.com/players/A/AlleKe00.htm,WR,21,SDG,2013,2019,0,3,6,50,86,82,14,100,0,524,6405,34,California,https://www.sports-reference.com/cfb/players/keenan-allen-1.html,,,,,,,,,,,,,,,,,,,,,,,,,,,,,,,,,,,,,,,,,,,,,,,,
201,2013,3,78,Marquise Goodwin,https://www.pro-football-reference.com/players/G/GoodMa00.htm,WR,22,BUF,2013,2019,0,0,3,18,75,40,15,89,0,140,2323,13,Texas,https://www.sports-reference.com/cfb/players/marquise-goodwin-1.html,,,,,,,,,,,,,,,,,,,,,,,,,,,,,,,,,,,,,,,,,,,,,,,,
202,2013,3,79,Markus Wheaton,https://www.pro-football-reference.com/players/W/WheaMa00.htm,WR,22,PIT,2013,2018,0,0,2,13,59,22,4,19,0,110,1559,8,Oregon St.,https://www.sports-reference.com/cfb/players/markus-wheaton-1.html,,,,,,,,,,,,,,,,,,,,,,,,,,,,,,,,,,,,,,,,,,,,,,,,
203,2013,3,92,Stedman Bailey,https://www.pro-football-reference.com/players/B/BailSt01.htm,WR,22,STL,2013,2015,0,0,0,7,38,8,3,46,1,59,843,2,West Virginia,https://www.sports-reference.com/cfb/players/stedman-bailey-1.html,,,,,,,,,,,,,,,,,,,,,,,,,,,,,,,,,,,,,,,,,,,,,,,,
204,2013,4,101,Ace Sanders,https://www.pro-football-reference.com/players/S/SandAc00.htm,WR,21,JAX,2013,2014,0,0,0,3,27,4,2,4,0,57,539,1,South Carolina,https://www.sports-reference.com/cfb/players/ace-sanders-1.html,,,,,,,,,,,,,,,,,,,,,,,,,,,,,,,,,,,,,,,,,,,,,,,,
205,2013,4,102,Josh Boyce,https://www.pro-football-reference.com/players/B/BoycJo00.htm,WR,22,NWE,2013,2014,0,0,0,1,10,3,,,,9,121,0,TCU,https://www.sports-reference.com/cfb/players/josh-boyce-1.html,,,,,,,,,,,,,,,,,,,,,,,,,,,,,,,,,,,,,,,,,,,,,,,,
206,2013,4,123,Chris Harper,https://www.pro-football-reference.com/players/H/HarpCh00.htm,WR,23,SEA,2013,2014,0,0,0,0,4,0,,,,,,,Kansas St.,https://www.sports-reference.com/cfb/players/chris-harper-2.html,,,,,,,,,,,,,,,,,,,,,,,,,,,,,,,,,,,,,,,,,,,,,,,,
207,2013,4,128,Quinton Patton,https://www.pro-football-reference.com/players/P/PattQu00.htm,WR,23,SFO,2013,2016,0,0,1,7,40,18,3,51,0,73,880,1,Louisiana Tech,https://www.sports-reference.com/cfb/players/quinton-patton-1.html,,,,,,,,,,,,,,,,,,,,,,,,,,,,,,,,,,,,,,,,,,,,,,,,
208,2013,5,135,Denard Robinson,https://www.pro-football-reference.com/players/R/RobiDe00.htm,WR,22,JAX,2013,2016,0,0,1,8,55,13,263,1058,5,47,310,0,Michigan,https://www.sports-reference.com/cfb/players/denard-robinson-1.html,,,,,,,,,,,,,,,,,,,,,,,,,,,,,,,,,,,,,,,,,,,,,,,,
209,2013,5,144,Kenny Stills,https://www.pro-football-reference.com/players/S/StilKe00.htm,WR,21,NOR,2013,2019,0,0,5,33,107,77,4,8,0,299,4699,36,Oklahoma,https://www.sports-reference.com/cfb/players/kenny-stills-1.html,,,,,,,,,,,,,,,,,,,,,,,,,,,,,,,,,,,,,,,,,,,,,,,,
210,2013,5,161,Tavarres King,https://www.pro-football-reference.com/players/K/KingTa00.htm,WR,23,DEN,2014,2017,0,0,0,2,17,3,2,3,0,22,303,3,Georgia,https://www.sports-reference.com/cfb/players/tavarres-king-1.html,,,,,,,,,,,,,,,,,,,,,,,,,,,,,,,,,,,,,,,,,,,,,,,,
211,2013,6,171,Corey Fuller,https://www.pro-football-reference.com/players/F/FullCo00.htm,WR,23,DET,2014,2015,0,0,0,3,28,2,,,,18,288,1,Virginia Tech,https://www.sports-reference.com/cfb/players/corey-fuller-2.html,,,,,,,,,,,,,,,,,,,,,,,,,,,,,,,,,,,,,,,,,,,,,,,,
212,2013,6,174,Ryan Swope,https://www.pro-football-reference.com/players/S/SwopRy00.htm,WR,22,ARI,,,0,0,0,,,,,,,,,,Texas A&M,https://www.sports-reference.com/cfb/players/ryan-swope-1.html,,,,,,,,,,,,,,,,,,,,,,,,,,,,,,,,,,,,,,,,,,,,,,,,
213,2013,6,186,Justin Brown,https://www.pro-football-reference.com/players/B/BrowJu00.htm,WR,22,PIT,2014,2014,0,0,0,1,8,1,,,,12,94,0,Oklahoma,https://www.sports-reference.com/cfb/players/justin-brown-1.html,,,,,,,,,,,,,,,,,,,,,,,,,,,,,,,,,,,,,,,,,,,,,,,,
214,2013,6,195,Alan Bonner,https://www.pro-football-reference.com/players/B/BonnAl00.htm,WR,22,HOU,2014,2014,0,0,0,0,0,,,,,,,,Jacksonville St.,https://www.sports-reference.com/cfb/players/alan-bonner-1.html,,,,,,,,,,,,,,,,,,,,,,,,,,,,,,,,,,,,,,,,,,,,,,,,
215,2013,6,197,Cobi Hamilton,https://www.pro-football-reference.com/players/H/HamiCo00.htm,WR,22,CIN,2014,2017,0,0,1,2,14,10,,,,18,242,2,Arkansas,https://www.sports-reference.com/cfb/players/cobi-hamilton-1.html,,,,,,,,,,,,,,,,,,,,,,,,,,,,,,,,,,,,,,,,,,,,,,,,
216,2013,7,209,Brice Butler,https://www.pro-football-reference.com/players/B/ButlBr00.htm,WR,23,OAK,2013,2018,0,0,0,9,69,8,,,,79,1237,9,San Diego St.,https://www.sports-reference.com/cfb/players/brice-butler-1.html,,,,,,,,,,,,,,,,,,,,,,,,,,,,,,,,,,,,,,,,,,,,,,,,
217,2013,7,216,Charles Johnson,https://www.pro-football-reference.com/players/J/JohnCh08.htm,WR,24,GNB,2014,2016,0,0,0,7,39,17,1,-11,0,60,834,2,Grand Valley St.,https://www.sports-reference.com/cfb/players/charles-johnson-1.html,,,,,,,,,,,,,,,,,,,,,,,,,,,,,,,,,,,,,,,,,,,,,,,,
218,2013,7,224,Kevin Dorsey,https://www.pro-football-reference.com/players/D/DorsKe01.htm,WR,23,GNB,2014,2014,0,0,0,0,3,0,,,,1,4,0,Maryland,https://www.sports-reference.com/cfb/players/kevin-dorsey-1.html,,,,,,,,,,,,,,,,,,,,,,,,,,,,,,,,,,,,,,,,,,,,,,,,
219,2013,7,236,Marquess Wilson,https://www.pro-football-reference.com/players/W/WilsMa02.htm,WR,20,CHI,2013,2016,0,0,0,6,31,14,,,,56,777,3,Washington St.,https://www.sports-reference.com/cfb/players/marquess-wilson-1.html,,,,,,,,,,,,,,,,,,,,,,,,,,,,,,,,,,,,,,,,,,,,,,,,
220,2013,7,238,Aaron Mellette,https://www.pro-football-reference.com/players/M/MellAa00.htm,WR,23,BAL,,,0,0,0,,,,,,,,,,Elon,https://www.sports-reference.com/cfb/players/aaron-mellette-1.html,,,,,,,,,,,,,,,,,,,,,,,,,,,,,,,,,,,,,,,,,,,,,,,,
221,2012,1,5,Justin Blackmon,https://www.pro-football-reference.com/players/B/BlacJu00.htm,WR,22,JAX,2012,2014,0,0,1,9,20,18,3,22,0,93,1280,6,Oklahoma St.,https://www.sports-reference.com/cfb/players/justin-blackmon-1.html,,,,,,,,,,,,,,,,,,,,,,,,,,,,,,,,,,,,,,,,,,,,,,,,
222,2012,1,13,Michael Floyd,https://www.pro-football-reference.com/players/F/FloyMi00.htm,WR,22,ARI,2012,2018,0,0,2,28,102,51,1,2,0,266,3959,25,Notre Dame,https://www.sports-reference.com/cfb/players/michael-floyd-1.html,,,,,,,,,,,,,,,,,,,,,,,,,,,,,,,,,,,,,,,,,,,,,,,,
223,2012,1,20,Kendall Wright,https://www.pro-football-reference.com/players/W/WrigKe01.htm,WR,22,TEN,2012,2017,0,0,3,28,82,45,11,90,0,339,3858,19,Baylor,https://www.sports-reference.com/cfb/players/kendall-wright-1.html,,,,,,,,,,,,,,,,,,,,,,,,,,,,,,,,,,,,,,,,,,,,,,,,
224,2012,1,30,A.J. Jenkins,https://www.pro-football-reference.com/players/J/JenkA.00.htm,WR,22,SFO,2012,2014,0,0,0,2,28,3,4,4,0,17,223,0,Illinois,https://www.sports-reference.com/cfb/players/aj-jenkins-1.html,,,,,,,,,,,,,,,,,,,,,,,,,,,,,,,,,,,,,,,,,,,,,,,,
225,2012,2,33,Brian Quick,https://www.pro-football-reference.com/players/Q/QuicBr00.htm,WR,23,STL,2012,2018,0,0,0,11,84,28,,,,114,1593,10,Appalachian St.,https://www.sports-reference.com/cfb/players/brian-quick-1.html,,,,,,,,,,,,,,,,,,,,,,,,,,,,,,,,,,,,,,,,,,,,,,,,
226,2012,2,43,Stephen Hill,https://www.pro-football-reference.com/players/H/HillSt00.htm,WR,21,NYJ,2012,2014,0,0,2,4,23,19,,,,45,594,4,Georgia Tech,https://www.sports-reference.com/cfb/players/stephen-hill-1.html,,,,,,,,,,,,,,,,,,,,,,,,,,,,,,,,,,,,,,,,,,,,,,,,
227,2012,2,45,Alshon Jeffery,https://www.pro-football-reference.com/players/J/JeffAl00.htm,WR,22,CHI,2012,2019,0,1,7,49,102,95,23,140,1,469,6671,45,South Carolina,https://www.sports-reference.com/cfb/players/alshon-jeffery-1.html,,,,,,,,,,,,,,,,,,,,,,,,,,,,,,,,,,,,,,,,,,,,,,,,
228,2012,2,54,Ryan Broyles,https://www.pro-football-reference.com/players/B/BroyRy00.htm,WR,24,DET,2012,2014,0,0,0,3,21,6,,,,32,420,2,Oklahoma,https://www.sports-reference.com/cfb/players/ryan-broyles-1.html,,,,,,,,,,,,,,,,,,,,,,,,,,,,,,,,,,,,,,,,,,,,,,,,
229,2012,2,63,Rueben Randle,https://www.pro-football-reference.com/players/R/RandRu00.htm,WR,21,NYG,2012,2015,0,0,2,21,64,33,,,,188,2644,20,LSU,https://www.sports-reference.com/cfb/players/rueben-randle-1.html,,,,,,,,,,,,,,,,,,,,,,,,,,,,,,,,,,,,,,,,,,,,,,,,
230,2012,3,68,DeVier Posey,https://www.pro-football-reference.com/players/P/PoseDe00.htm,WR,22,HOU,2012,2014,0,0,0,2,26,1,1,-3,0,22,272,0,Ohio St.,https://www.sports-reference.com/cfb/players/devier-posey-1.html,,,,,,,,,,,,,,,,,,,,,,,,,,,,,,,,,,,,,,,,,,,,,,,,
231,2012,3,69,T.J. Graham,https://www.pro-football-reference.com/players/G/GrahT.00.htm,WR,23,BUF,2012,2015,0,0,1,7,47,18,5,19,0,61,794,4,North Carolina St.,https://www.sports-reference.com/cfb/players/tj-graham-1.html,,,,,,,,,,,,,,,,,,,,,,,,,,,,,,,,,,,,,,,,,,,,,,,,
232,2012,3,83,Mohamed Sanu,https://www.pro-football-reference.com/players/S/SanuMo00.htm,WR,23,CIN,2012,2019,0,0,5,38,118,92,41,223,2,403,4507,26,Rutgers,https://www.sports-reference.com/cfb/players/mohamed-sanu-1.html,,,,,,,,,,,,,,,,,,,,,,,,,,,,,,,,,,,,,,,,,,,,,,,,
233,2012,3,92,T.Y. Hilton,https://www.pro-football-reference.com/players/H/HiltT.00.htm,WR,22,IND,2012,2019,0,4,7,66,118,97,9,55,0,552,8598,45,Florida International,https://www.sports-reference.com/cfb/players/ty-hilton-1.html,,,,,,,,,,,,,,,,,,,,,,,,,,,,,,,,,,,,,,,,,,,,,,,,
234,2012,4,96,Chris Givens,https://www.pro-football-reference.com/players/G/GiveCh00.htm,WR,22,STL,2012,2015,0,0,2,12,60,31,11,42,0,107,1779,5,Wake Forest,https://www.sports-reference.com/cfb/players/chris-givens-2.html,,,,,,,,,,,,,,,,,,,,,,,,,,,,,,,,,,,,,,,,,,,,,,,,
235,2012,4,100,Travis Benjamin,https://www.pro-football-reference.com/players/B/BenjTr00.htm,WR,22,CLE,2012,2019,0,0,2,25,101,37,36,268,0,208,3143,19,Miami (FL),https://www.sports-reference.com/cfb/players/travis-benjamin-1.html,,,,,,,,,,,,,,,,,,,,,,,,,,,,,,,,,,,,,,,,,,,,,,,,
236,2012,4,104,Joe Adams,https://www.pro-football-reference.com/players/A/AdamJo01.htm,WR,22,CAR,2012,2012,0,0,0,0,9,0,3,13,0,1,7,0,Arkansas,https://www.sports-reference.com/cfb/players/joe-adams-1.html,,,,,,,,,,,,,,,,,,,,,,,,,,,,,,,,,,,,,,,,,,,,,,,,
237,2012,4,107,Devon Wylie,https://www.pro-football-reference.com/players/W/WyliDe00.htm,WR,24,KAN,2012,2014,0,0,0,0,8,1,,,,6,53,0,Fresno St.,https://www.sports-reference.com/cfb/players/devon-wylie-1.html,,,,,,,,,,,,,,,,,,,,,,,,,,,,,,,,,,,,,,,,,,,,,,,,
238,2012,4,118,Jarius Wright,https://www.pro-football-reference.com/players/W/WrigJa02.htm,WR,22,MIN,2012,2019,0,0,1,23,111,30,11,143,0,224,2782,11,Arkansas,https://www.sports-reference.com/cfb/players/jarius-wright-1.html,,,,,,,,,,,,,,,,,,,,,,,,,,,,,,,,,,,,,,,,,,,,,,,,
239,2012,4,121,Keshawn Martin,https://www.pro-football-reference.com/players/M/MartKe01.htm,WR,22,HOU,2012,2016,0,0,1,7,58,10,5,59,0,62,685,5,Michigan St.,https://www.sports-reference.com/cfb/players/keshawn-martin-1.html,,,,,,,,,,,,,,,,,,,,,,,,,,,,,,,,,,,,,,,,,,,,,,,,
240,2012,4,122,Nick Toon,https://www.pro-football-reference.com/players/T/ToonNi00.htm,WR,23,NOR,2012,2015,0,0,0,3,17,5,1,4,0,21,283,1,Wisconsin,https://www.sports-reference.com/cfb/players/nick-toon-1.html,,,,,,,,,,,,,,,,,,,,,,,,,,,,,,,,,,,,,,,,,,,,,,,,
241,2012,4,134,Greg Childs,https://www.pro-football-reference.com/players/C/ChilGr00.htm,WR,22,MIN,2012,2012,0,0,0,0,,,,,,,,,Arkansas,https://www.sports-reference.com/cfb/players/greg-childs-1.html,,,,,,,,,,,,,,,,,,,,,,,,,,,,,,,,,,,,,,,,,,,,,,,,
242,2012,5,152,Danny Coale,https://www.pro-football-reference.com/players/C/CoalDa00.htm,WR,24,DAL,2012,2012,0,0,0,0,,,,,,,,,Virginia Tech,https://www.sports-reference.com/cfb/players/danny-coale-1.html,,,,,,,,,,,,,,,,,,,,,,,,,,,,,,,,,,,,,,,,,,,,,,,,
243,2012,5,166,Marvin Jones,https://www.pro-football-reference.com/players/J/JoneMa02.htm,WR,22,CIN,2012,2019,0,0,5,40,96,72,19,148,0,347,5047,42,California,https://www.sports-reference.com/cfb/players/marvin-jones-1.html,,,,,,,,,,,,,,,,,,,,,,,,,,,,,,,,,,,,,,,,,,,,,,,,
244,2012,5,168,Juron Criner,https://www.pro-football-reference.com/players/C/CrinJu00.htm,WR,22,OAK,2012,2014,0,0,0,1,13,0,,,,19,183,1,Arizona,https://www.sports-reference.com/cfb/players/juron-criner-1.html,,,,,,,,,,,,,,,,,,,,,,,,,,,,,,,,,,,,,,,,,,,,,,,,
245,2012,6,183,B.J. Cunningham,https://www.pro-football-reference.com/players/C/CunnB.00.htm,WR,23,MIA,2012,2014,0,0,0,0,2,0,,,,,,,Michigan St.,https://www.sports-reference.com/cfb/players/bj-cunningham-1.html,,,,,,,,,,,,,,,,,,,,,,,,,,,,,,,,,,,,,,,,,,,,,,,,
246,2012,6,194,Marvin McNutt,https://www.pro-football-reference.com/players/M/McNuMa00.htm,WR,23,PHI,2012,2014,0,0,0,0,5,0,,,,,,,Iowa,https://www.sports-reference.com/cfb/players/marvin-mcnutt-1.html,,,,,,,,,,,,,,,,,,,,,,,,,,,,,,,,,,,,,,,,,,,,,,,,
247,2012,6,198,Tommy Streeter,https://www.pro-football-reference.com/players/S/StreTo00.htm,WR,22,BAL,2012,2014,0,0,0,0,2,0,,,,,,,Miami (FL),https://www.sports-reference.com/cfb/players/tommy-streeter-1.html,,,,,,,,,,,,,,,,,,,,,,,,,,,,,,,,,,,,,,,,,,,,,,,,
248,2012,6,206,LaVon Brazill,https://www.pro-football-reference.com/players/B/BrazLa00.htm,WR,23,IND,2012,2013,0,0,0,3,25,0,,,,23,347,3,Ohio,https://www.sports-reference.com/cfb/players/lavon-brazill-1.html,,,,,,,,,,,,,,,,,,,,,,,,,,,,,,,,,,,,,,,,,,,,,,,,
249,2012,7,227,Rishard Matthews,https://www.pro-football-reference.com/players/M/MattRi00.htm,WR,22,MIA,2012,2018,0,0,3,24,87,38,3,4,0,230,3160,21,Nevada,https://www.sports-reference.com/cfb/players/rishard-matthews-1.html,,,,,,,,,,,,,,,,,,,,,,,,,,,,,,,,,,,,,,,,,,,,,,,,
250,2012,7,231,Toney Clemons,https://www.pro-football-reference.com/players/C/ClemTo00.htm,WR,23,PIT,2012,2012,0,0,0,0,4,0,,,,3,41,0,Colorado,https://www.sports-reference.com/cfb/players/toney-clemons-1.html,,,,,,,,,,,,,,,,,,,,,,,,,,,,,,,,,,,,,,,,,,,,,,,,
251,2012,7,235,Jeremy Ebert,https://www.pro-football-reference.com/players/E/EberJe00.htm,WR,23,NWE,2012,2013,0,0,0,0,5,0,,,,3,18,0,Northwestern,https://www.sports-reference.com/cfb/players/jeremy-ebert-1.html,,,,,,,,,,,,,,,,,,,,,,,,,,,,,,,,,,,,,,,,,,,,,,,,
252,2012,7,238,Junior Hemingway,https://www.pro-football-reference.com/players/H/HemiJu00.htm,WR,23,KAN,2012,2014,0,0,0,2,31,3,,,,25,233,2,Michigan,https://www.sports-reference.com/cfb/players/junior-hemingway-1.html,,,,,,,,,,,,,,,,,,,,,,,,,,,,,,,,,,,,,,,,,,,,,,,,
253,2012,7,244,Jordan White,https://www.pro-football-reference.com/players/W/WhitJo02.htm,WR,24,NYJ,2012,2012,0,0,0,0,3,0,,,,1,13,0,West. Michigan,https://www.sports-reference.com/cfb/players/jordan-white-1.html,,,,,,,,,,,,,,,,,,,,,,,,,,,,,,,,,,,,,,,,,,,,,,,,
254,2011,1,4,A.J. Green,https://www.pro-football-reference.com/players/G/GreeA.00.htm,WR,23,CIN,2011,2018,0,7,8,68,111,111,11,93,0,602,8907,63,Georgia,https://www.sports-reference.com/cfb/players/aj-green-1.html,,,,,,,,,,,,,,,,,,,,,,,,,,,,,,,,,,,,,,,,,,,,,,,,
255,2011,1,6,Julio Jones,https://www.pro-football-reference.com/players/J/JoneJu02.htm,WR,22,ATL,2011,2019,2,7,8,94,126,125,19,118,0,797,12125,57,Alabama,https://www.sports-reference.com/cfb/players/julio-jones-1.html,,,,,,,,,,,,,,,,,,,,,,,,,,,,,,,,,,,,,,,,,,,,,,,,
256,2011,1,26,Jonathan Baldwin,https://www.pro-football-reference.com/players/B/BaldJo00.htm,WR,22,KAN,2011,2013,0,0,0,4,33,11,,,,44,607,2,Pittsburgh,https://www.sports-reference.com/cfb/players/jon-baldwin-1.html,,,,,,,,,,,,,,,,,,,,,,,,,,,,,,,,,,,,,,,,,,,,,,,,
257,2011,2,44,Titus Young,https://www.pro-football-reference.com/players/Y/YounTi00.htm,WR,22,DET,2011,2012,0,0,2,8,26,17,4,31,0,81,990,10,Boise St.,https://www.sports-reference.com/cfb/players/titus-young-1.html,,,,,,,,,,,,,,,,,,,,,,,,,,,,,,,,,,,,,,,,,,,,,,,,
258,2011,2,58,Torrey Smith,https://www.pro-football-reference.com/players/S/SmitTo02.htm,WR,22,BAL,2011,2018,0,0,7,38,119,106,8,45,0,319,5141,41,Maryland,https://www.sports-reference.com/cfb/players/torrey-smith-1.html,,,,,,,,,,,,,,,,,,,,,,,,,,,,,,,,,,,,,,,,,,,,,,,,
259,2011,2,59,Greg Little,https://www.pro-football-reference.com/players/L/LittGr00.htm,WR,22,CLE,2011,2014,0,0,3,13,54,42,5,30,0,161,1890,8,North Carolina,https://www.sports-reference.com/cfb/players/greg-little-1.html,,,,,,,,,,,,,,,,,,,,,,,,,,,,,,,,,,,,,,,,,,,,,,,,
260,2011,2,64,Randall Cobb,https://www.pro-football-reference.com/players/C/CobbRa00.htm,WR,21,GNB,2011,2019,0,1,4,58,120,79,62,363,0,525,6352,44,Kentucky,https://www.sports-reference.com/cfb/players/randall-cobb-1.html,,,,,,,,,,,,,,,,,,,,,,,,,,,,,,,,,,,,,,,,,,,,,,,,
261,2011,3,78,Austin Pettis,https://www.pro-football-reference.com/players/P/PettAu00.htm,WR,23,STL,2011,2014,0,0,0,8,51,11,1,-6,0,107,1034,9,Boise St.,https://www.sports-reference.com/cfb/players/austin-pettis-1.html,,,,,,,,,,,,,,,,,,,,,,,,,,,,,,,,,,,,,,,,,,,,,,,,
262,2011,3,79,Leonard Hankerson,https://www.pro-football-reference.com/players/H/HankLe00.htm,WR,23,WAS,2011,2015,0,0,0,11,41,14,2,5,0,107,1408,9,Miami (FL),https://www.sports-reference.com/cfb/players/leonard-hankerson-1.html,,,,,,,,,,,,,,,,,,,,,,,,,,,,,,,,,,,,,,,,,,,,,,,,
263,2011,3,82,Vincent Brown,https://www.pro-football-reference.com/players/B/BrowVi00.htm,WR,22,SDG,2011,2015,0,0,1,9,38,16,,,,73,941,3,San Diego St.,https://www.sports-reference.com/cfb/players/vincent-brown-3.html,,,,,,,,,,,,,,,,,,,,,,,,,,,,,,,,,,,,,,,,,,,,,,,,
264,2011,3,83,Jerrel Jernigan,https://www.pro-football-reference.com/players/J/JernJe00.htm,WR,22,NYG,2011,2014,0,0,0,2,34,4,4,61,1,38,391,2,Troy,https://www.sports-reference.com/cfb/players/jerrel-jernigan-1.html,,,,,,,,,,,,,,,,,,,,,,,,,,,,,,,,,,,,,,,,,,,,,,,,
265,2011,4,107,Kris Durham,https://www.pro-football-reference.com/players/D/DurhKr00.htm,WR,23,SEA,2011,2014,0,0,1,5,27,16,,,,55,699,3,Georgia,https://www.sports-reference.com/cfb/players/kris-durham-1.html,,,,,,,,,,,,,,,,,,,,,,,,,,,,,,,,,,,,,,,,,,,,,,,,
266,2011,4,111,Clyde Gates,https://www.pro-football-reference.com/players/G/GateCl00.htm,WR,25,MIA,2011,2013,0,0,0,3,32,4,2,16,0,30,365,0,Abilene Christian,https://www.sports-reference.com/cfb/players/clyde-gates-1.html,,,,,,,,,,,,,,,,,,,,,,,,,,,,,,,,,,,,,,,,,,,,,,,,
267,2011,4,112,Greg Salas,https://www.pro-football-reference.com/players/S/SalaGr00.htm,WR,23,STL,2011,2016,0,0,0,4,29,3,2,28,1,50,704,1,Hawaii,https://www.sports-reference.com/cfb/players/greg-salas-1.html,,,,,,,,,,,,,,,,,,,,,,,,,,,,,,,,,,,,,,,,,,,,,,,,
268,2011,4,114,Cecil Shorts,https://www.pro-football-reference.com/players/S/ShorCe00.htm,WR,23,JAX,2011,2016,0,0,3,19,70,43,11,43,0,229,2979,14,Mount Union,https://www.sports-reference.com/cfb/players/cecil-shorts-1.html,,,,,,,,,,,,,,,,,,,,,,,,,,,,,,,,,,,,,,,,,,,,,,,,
269,2011,4,123,Tandon Doss,https://www.pro-football-reference.com/players/D/DossTa00.htm,WR,21,BAL,2011,2014,0,0,0,4,35,2,,,,26,428,1,Indiana,https://www.sports-reference.com/cfb/players/tandon-doss-1.html,,,,,,,,,,,,,,,,,,,,,,,,,,,,,,,,,,,,,,,,,,,,,,,,
270,2011,5,132,Kealoha Pilares,https://www.pro-football-reference.com/players/P/PilaKe00.htm,WR,23,CAR,2011,2012,0,0,0,1,20,0,1,17,0,2,42,1,Hawaii,https://www.sports-reference.com/cfb/players/kealoha-pilares-1.html,,,,,,,,,,,,,,,,,,,,,,,,,,,,,,,,,,,,,,,,,,,,,,,,
271,2011,5,148,Denarius Moore,https://www.pro-football-reference.com/players/M/MoorDe02.htm,WR,22,OAK,2011,2015,0,0,3,15,56,37,7,57,1,142,2169,17,Tennessee,https://www.sports-reference.com/cfb/players/denarius-moore-1.html,,,,,,,,,,,,,,,,,,,,,,,,,,,,,,,,,,,,,,,,,,,,,,,,
272,2011,5,153,Jeremy Kerley,https://www.pro-football-reference.com/players/K/KerlJe00.htm,WR,22,NYJ,2011,2018,0,0,2,23,99,40,18,133,0,270,3116,13,TCU,https://www.sports-reference.com/cfb/players/jeremy-kerley-1.html,,,,,,,,,,,,,,,,,,,,,,,,,,,,,,,,,,,,,,,,,,,,,,,,
273,2011,5,155,Niles Paul,https://www.pro-football-reference.com/players/P/PaulNi00.htm,WR,22,WAS,2011,2018,0,0,0,7,88,27,5,7,0,78,954,2,Nebraska,https://www.sports-reference.com/cfb/players/niles-paul-1.html,,,,,,,,,,,,,,,,,,,,,,,,,,,,,,,,,,,,,,,,,,,,,,,,
274,2011,6,167,Ryan Whalen,https://www.pro-football-reference.com/players/W/WhalRy00.htm,WR,22,CIN,2011,2013,0,0,0,0,17,0,,,,11,80,0,Stanford,https://www.sports-reference.com/cfb/players/ryan-whalen-1.html,,,,,,,,,,,,,,,,,,,,,,,,,,,,,,,,,,,,,,,,,,,,,,,,
275,2011,6,176,Dwayne Harris,https://www.pro-football-reference.com/players/H/HarrDw00.htm,WR,23,DAL,2011,2019,0,1,0,12,106,12,9,37,0,77,874,8,East Carolina,https://www.sports-reference.com/cfb/players/dwayne-harris-1.html,,,,,,,,,,,,,,,,,,,,,,,,,,,,,,,,,,,,,,,,,,,,,,,,
276,2011,6,178,Aldrick Robinson,https://www.pro-football-reference.com/players/R/RobiAl00.htm,WR,22,WAS,2012,2018,0,0,0,12,84,5,4,10,0,86,1422,14,SMU,https://www.sports-reference.com/cfb/players/aldrick-robinson-1.html,,,,,,,,,,,,,,,,,,,,,,,,,,,,,,,,,,,,,,,,,,,,,,,,
277,2011,6,182,Ronald Johnson,https://www.pro-football-reference.com/players/J/JohnRo05.htm,WR,23,SFO,2012,2012,0,0,0,0,,,,,,,,,USC,https://www.sports-reference.com/cfb/players/ronald-johnson-2.html,,,,,,,,,,,,,,,,,,,,,,,,,,,,,,,,,,,,,,,,,,,,,,,,
278,2011,7,227,Scotty McKnight,https://www.pro-football-reference.com/players/M/McKnSc00.htm,WR,23,NYJ,,,0,0,0,,,,,,,,,,Colorado,https://www.sports-reference.com/cfb/players/scotty-mcknight-1.html,,,,,,,,,,,,,,,,,,,,,,,,,,,,,,,,,,,,,,,,,,,,,,,,
279,2011,7,236,Stephen Burton,https://www.pro-football-reference.com/players/B/BurtSt00.htm,WR,21,MIN,2011,2013,0,0,0,0,19,3,1,-9,0,15,149,1,Long Beach CC,https://www.sports-reference.com/cfb/players/stephen-burton-1.html,,,,,,,,,,,,,,,,,,,,,,,,,,,,,,,,,,,,,,,,,,,,,,,,
280,2011,7,241,David Ausberry,https://www.pro-football-reference.com/players/A/AusbDa00.htm,WR,23,OAK,2011,2014,0,0,0,1,34,0,1,-2,0,11,120,0,USC,https://www.sports-reference.com/cfb/players/david-ausberry-1.html,,,,,,,,,,,,,,,,,,,,,,,,,,,,,,,,,,,,,,,,,,,,,,,,
281,2011,7,249,DeMarco Sampson,https://www.pro-football-reference.com/players/S/SampDe00.htm,WR,25,ARI,2011,2011,0,0,0,0,12,0,,,,3,36,0,San Diego St.,https://www.sports-reference.com/cfb/players/demarco-sampson-1.html,,,,,,,,,,,,,,,,,,,,,,,,,,,,,,,,,,,,,,,,,,,,,,,,
282,2010,1,22,Demaryius Thomas,https://www.pro-football-reference.com/players/T/ThomDe03.htm,WR,22,DEN,2010,2019,0,4,8,69,143,128,3,6,0,724,9763,63,Georgia Tech,https://www.sports-reference.com/cfb/players/demaryius-thomas-1.html,,,,,,,,,,,,,,,,,,,,,,,,,,,,,,,,,,,,,,,,,,,,,,,,
283,2010,1,24,Dez Bryant,https://www.pro-football-reference.com/players/B/BryaDe01.htm,WR,21,DAL,2010,2017,1,3,7,61,113,99,6,-3,0,531,7459,73,Oklahoma St.,https://www.sports-reference.com/cfb/players/dez-bryant-1.html,,,,,,,,,,,,,,,,,,,,,,,,,,,,,,,,,,,,,,,,,,,,,,,,
284,2010,2,36,Dexter McCluster,https://www.pro-football-reference.com/players/M/McClDe00.htm,WR,21,KAN,2010,2016,0,1,0,21,89,27,250,1042,2,236,1993,7,Mississippi,https://www.sports-reference.com/cfb/players/dexter-mccluster-1.html,,,,,,,,,,,,,,,,,,,,,,,,,,,,,,,,,,,,,,,,,,,,,,,,
285,2010,2,39,Arrelious Benn,https://www.pro-football-reference.com/players/B/BennAr00.htm,WR,21,TAM,2010,2017,0,0,2,8,61,24,15,44,0,65,990,6,Illinois,https://www.sports-reference.com/cfb/players/arrelious-benn-1.html,,,,,,,,,,,,,,,,,,,,,,,,,,,,,,,,,,,,,,,,,,,,,,,,
286,2010,2,60,Golden Tate,https://www.pro-football-reference.com/players/T/TateGo00.htm,WR,22,SEA,2010,2019,0,1,7,56,148,111,44,216,0,660,7890,44,Notre Dame,https://www.sports-reference.com/cfb/players/golden-tate-1.html,,,,,,,,,,,,,,,,,,,,,,,,,,,,,,,,,,,,,,,,,,,,,,,,
287,2010,3,77,Damian Williams,https://www.pro-football-reference.com/players/W/WillDa04.htm,WR,22,TEN,2010,2014,0,0,1,9,57,17,1,5,0,107,1327,5,USC,https://www.sports-reference.com/cfb/players/damian-williams-1.html,,,,,,,,,,,,,,,,,,,,,,,,,,,,,,,,,,,,,,,,,,,,,,,,
288,2010,3,78,Brandon LaFell,https://www.pro-football-reference.com/players/L/LaFeBr00.htm,WR,23,CAR,2010,2018,0,0,5,43,125,90,11,130,0,406,5398,31,LSU,https://www.sports-reference.com/cfb/players/brandon-lafell-1.html,,,,,,,,,,,,,,,,,,,,,,,,,,,,,,,,,,,,,,,,,,,,,,,,
289,2010,3,82,Emmanuel Sanders,https://www.pro-football-reference.com/players/S/SandEm00.htm,WR,23,PIT,2010,2019,0,2,7,55,144,104,18,159,1,601,7893,42,SMU,https://www.sports-reference.com/cfb/players/emmanuel-sanders-1.html,,,,,,,,,,,,,,,,,,,,,,,,,,,,,,,,,,,,,,,,,,,,,,,,
290,2010,3,84,Jordan Shipley,https://www.pro-football-reference.com/players/S/ShipJo00.htm,WR,24,CIN,2010,2012,0,0,0,7,24,6,,,,79,858,4,Texas,https://www.sports-reference.com/cfb/players/jordan-shipley-1.html,,,,,,,,,,,,,,,,,,,,,,,,,,,,,,,,,,,,,,,,,,,,,,,,
291,2010,3,87,Eric Decker,https://www.pro-football-reference.com/players/D/DeckEr00.htm,WR,23,DEN,2010,2017,0,0,6,46,111,83,1,1,0,439,5816,53,Minnesota,https://www.sports-reference.com/cfb/players/eric-decker-1.html,,,,,,,,,,,,,,,,,,,,,,,,,,,,,,,,,,,,,,,,,,,,,,,,
292,2010,3,88,Andre Roberts,https://www.pro-football-reference.com/players/R/RobeAn00.htm,WR,22,ARI,2010,2019,1,2,2,23,148,41,12,104,0,257,3010,15,The Citadel,https://www.sports-reference.com/cfb/players/andre-roberts-1.html,,,,,,,,,,,,,,,,,,,,,,,,,,,,,,,,,,,,,,,,,,,,,,,,
293,2010,3,89,Armanti Edwards,https://www.pro-football-reference.com/players/E/EdwaAr00.htm,WR,22,CAR,2010,2013,0,0,0,1,41,0,3,12,0,6,131,0,Appalachian St.,https://www.sports-reference.com/cfb/players/armanti-edwards-1.html,,,,,,,,,,,,,,,,,,,,,,,,,,,,,,,,,,,,,,,,,,,,,,,,
294,2010,3,90,Taylor Price,https://www.pro-football-reference.com/players/P/PricTa00.htm,WR,22,NWE,2010,2012,0,0,0,1,6,0,,,,5,80,0,Ohio,https://www.sports-reference.com/cfb/players/taylor-price-1.html,,,,,,,,,,,,,,,,,,,,,,,,,,,,,,,,,,,,,,,,,,,,,,,,
295,2010,4,99,Mardy Gilyard,https://www.pro-football-reference.com/players/G/GilyMa00.htm,WR,23,STL,2010,2012,0,0,0,1,19,2,,,,8,78,0,Cincinnati,https://www.sports-reference.com/cfb/players/mardy-gilyard-1.html,,,,,,,,,,,,,,,,,,,,,,,,,,,,,,,,,,,,,,,,,,,,,,,,
296,2010,4,101,Mike Williams,https://www.pro-football-reference.com/players/W/WillMi04.htm,WR,23,TAM,2010,2014,0,0,3,25,63,52,1,3,0,223,3089,26,Syracuse,https://www.sports-reference.com/cfb/players/mike-williams-4.html,,,,,,,,,,,,,,,,,,,,,,,,,,,,,,,,,,,,,,,,,,,,,,,,
297,2010,4,107,Marcus Easley,https://www.pro-football-reference.com/players/E/EaslMa00.htm,WR,22,BUF,2012,2015,0,0,0,1,42,0,,,,3,71,1,Connecticut,https://www.sports-reference.com/cfb/players/marcus-easley-1.html,,,,,,,,,,,,,,,,,,,,,,,,,,,,,,,,,,,,,,,,,,,,,,,,
298,2010,4,108,Jacoby Ford,https://www.pro-football-reference.com/players/F/FordJa01.htm,WR,23,OAK,2010,2013,0,0,1,12,38,13,19,201,2,57,848,3,Clemson,https://www.sports-reference.com/cfb/players/jacoby-ford-1.html,,,,,,,,,,,,,,,,,,,,,,,,,,,,,,,,,,,,,,,,,,,,,,,,
299,2010,5,156,David Reed,https://www.pro-football-reference.com/players/R/ReedDa00.htm,WR,23,BAL,2010,2013,0,0,0,2,36,0,2,31,0,6,68,0,Utah,https://www.sports-reference.com/cfb/players/david-reed-1.html,,,,,,,,,,,,,,,,,,,,,,,,,,,,,,,,,,,,,,,,,,,,,,,,
